target,model,rmse_log,mae_log,r2_log,median_pct_error,train_rmse_log,cv_rmse_log,overfit_ratio_test_over_train,overfit_flag
s1,ridge,0.5490179823312741,0.4417106360448579,0.9661185636570278,37.44646502058174,0.5229827706735015,0.5491548555783464,1.0497821594088925,False
s1,random_forest,0.7130520464939956,0.544649318190852,0.9428480391054825,42.13610152885981,0.39542335267636075,0.6870375075004476,1.803262355821463,True
s1,xgboost,0.5883251132004463,0.47236212632585145,0.961093384907632,39.703376521738534,0.5251780852901754,0.6094945616366538,1.1202392667915313,False
s1,lightgbm,0.5984630644440093,0.4699996098317892,0.9597409633525237,38.65759018558379,0.48413396734511027,0.6267047304085659,1.2361517778350815,False
s1,sector_median_baseline,1.0060293592565244,0.8193802915103057,0.8862346559686314,62.68868361804173,,,,
s2,ridge,0.5138610652045903,0.39882343694780836,0.924763158953658,30.978158014853918,0.5043567751398231,0.529368796654563,1.0188443786883448,False
s2,random_forest,0.6222617027546065,0.47072824064848484,0.8896721200046772,36.459514059865306,0.35801081204061486,0.6068238435859271,1.7381086878572076,True
s2,xgboost,0.5425372428175436,0.4190378538938018,0.9161316229666028,31.80491633510747,0.4866169729436778,0.5517957308845775,1.1149163982825936,False
s2,lightgbm,0.5607700725882654,0.43299678151603005,0.910399840469266,34.53788481031614,0.5103127405745795,0.556869372266394,1.0988753131204878,False
s2,sector_median_baseline,0.9062243404961273,0.7049458705795332,0.7660028474557831,51.43744693466796,,,,
