model,horizon_days,mae,rmse,coverage_90,test_targets,calibration_targets,calibration_rmse
Seasonal Ridge,1,9.28093919531758,11.06062025923577,0.6127450980392157,204,203,6.464713049501669
Seasonal Ridge,3,9.305680048122683,11.094653125335391,0.6039603960396039,202,201,6.172084067538656
Seasonal Ridge,7,9.422472533087703,11.192738851139616,0.5909090909090909,198,197,5.696140877531876
Seasonal Ridge,10,9.51579155851578,11.267540130858857,0.5692307692307692,195,194,5.582142659369935
Seasonal Ridge,14,9.568736196232338,11.339450505679046,0.5497382198952879,191,190,5.310619553674743
Seasonal Ridge,21,9.80428696989915,11.52969297203154,0.5108695652173914,184,183,5.04598804072755
Seasonal Ridge,30,10.172497094255704,11.804755053877457,0.46285714285714286,175,174,4.5613065309261325
Lag Ridge,1,7.993027781710741,9.079240658956957,0.5294117647058824,204,203,4.515735345268997
Lag Ridge,3,8.063961778520461,9.367907379474527,0.5247524752475248,202,201,4.667839031654335
Lag Ridge,7,8.270048305671521,9.82748091257471,0.4898989898989899,198,197,4.496129541959371
Lag Ridge,10,8.422352145991397,10.148009314460099,0.47692307692307695,195,194,4.2932693255545775
Lag Ridge,14,8.637111416253529,10.545223374310606,0.5130890052356021,191,190,4.199690350864447
Lag Ridge,21,9.003200766241509,10.73611395424284,0.4673913043478261,184,183,4.159562862103775
Lag Ridge,30,9.427756906920322,11.051358496384104,0.49142857142857144,175,174,4.682868446601352
Random forest,1,11.4322184829221,13.656731053803963,0.5931372549019608,204,203,6.820506112295875
Random forest,3,11.487618947891702,13.549617310031893,0.5792079207920792,202,201,6.814216349301279
Random forest,7,12.346692451694125,14.16750016550102,0.5050505050505051,198,197,6.732930451735423
Random forest,10,12.687567755062497,14.486124836199929,0.4512820512820513,195,194,6.522402117421048
Random forest,14,12.656617774958095,14.425300368610445,0.4293193717277487,191,190,6.327990537356904
Random forest,21,12.495665131954777,14.369147726958632,0.4673913043478261,184,183,5.800592781394345
Random forest,30,12.84644223972245,14.96145474741985,0.4228571428571429,175,174,5.453099987149019
Persistence,1,1.5545974432253364,2.3946349960556628,0.8529411764705882,204,203,1.7907095085240672
Persistence,3,2.9863460654079335,4.394375167473629,0.8465346534653465,202,201,3.2929135242663965
Persistence,7,4.273256205549145,6.177855394613673,0.8080808080808081,198,197,4.007744512603462
Persistence,10,4.9667290712014225,6.947917741951937,0.7589743589743589,195,194,3.972443445565074
Persistence,14,5.670891606994949,7.9948829172199805,0.6963350785340314,191,190,4.170183432788786
Persistence,21,6.315517425537109,8.80253281176819,0.7119565217391305,184,183,4.653363699547497
Persistence,30,7.941461486816408,10.19313480112782,0.6342857142857142,175,174,5.386170205390755
Seasonal persistence,1,1.5603612748138191,2.3865125910721057,0.8480392156862745,204,203,1.7919366359846574
Seasonal persistence,3,2.9880500196565505,4.349830293333291,0.8366336633663366,202,201,3.3006491906497946
Seasonal persistence,7,4.379748771182281,5.971903232966065,0.803030303030303,198,197,4.042118664494988
Seasonal persistence,10,4.866281708031019,6.5382980027109845,0.7897435897435897,195,194,4.045264612576006
Seasonal persistence,14,5.657682765607507,7.252536501330292,0.7225130890052356,191,190,4.355412990761322
Seasonal persistence,21,5.557146191369692,7.174705631950346,0.7445652173913043,184,183,5.177133010156153
Seasonal persistence,30,6.251933663349291,7.297968558750167,0.8742857142857143,175,174,6.336924182643098
