region,area_ha,centroid_x,centroid_y,status
75,43.92,329194.8,8927617.4,Review required
38,27.27,330775.8,8931871.7,Review required
63,20.25,325176.7,8929124.1,Review required
67,19.53,326926.4,8928631.6,Review required
42,12.42,331389.7,8930977.9,Review required
71,8.64,328057.5,8928070.4,Review required
53,8.55,326013.5,8929910.7,Review required
23,8.55,327690.7,8933168.4,Review required
18,7.83,327693.0,8933482.6,Review required
52,5.76,324536.7,8929998.4,Review required
2,4.5,327134.0,8935938.6,Review required
31,3.33,331436.3,8932485.0,Review required
78,3.15,328058.6,8927795.0,Review required
70,3.15,330806.6,8928446.4,Review required
12,3.06,328280.6,8934133.1,Review required
28,2.97,331072.4,8932697.3,Review required
27,2.97,327010.6,8932769.1,Review required
20,2.88,331623.7,8933462.0,Review required
81,2.52,328219.5,8927598.9,Review required
56,2.52,330161.0,8929794.2,Review required
8,2.16,328564.3,8935063.9,Review required
62,2.16,332440.6,8929518.9,Review required
4,2.07,324454.9,8935334.6,Review required
69,1.89,331089.2,8928619.2,Review required
46,1.8,328921.1,8930345.4,Review required
14,1.71,330870.1,8934076.9,Review required
65,1.53,333126.5,8929090.5,Review required
34,1.53,326916.5,8932362.3,Review required
74,1.53,332032.4,8928042.3,Review required
57,1.53,329032.4,8929777.0,Review required
3,1.44,326833.1,8935863.9,Review required
25,1.35,328190.6,8933072.4,Review required
77,1.26,331869.9,8927872.1,Review required
43,1.17,329402.1,8931167.2,Review required
61,1.17,330846.8,8929644.1,Review required
66,1.17,331079.8,8928903.3,Review required
79,1.17,326330.6,8927721.8,Review required
64,0.99,330964.2,8929204.6,Review required
73,0.9,326708.6,8928119.4,Review required
11,0.9,327515.6,8934260.4,Review required
58,0.81,327357.3,8929779.7,Review required
55,0.81,329783.9,8929923.0,Review required
82,0.81,326463.9,8927439.7,Review required
49,0.81,329007.3,8930249.7,Review required
84,0.81,326620.6,8927403.0,Review required
26,0.72,331486.8,8932833.9,Review required
13,0.72,328494.3,8934135.1,Review required
41,0.72,330346.8,8931382.6,Review required
35,0.63,324899.2,8932350.7,Review required
44,0.63,331023.5,8930987.8,Review required
40,0.63,326849.2,8931583.5,Review required
6,0.63,327607.7,8935179.2,Review required
15,0.54,331650.6,8934061.4,Review required
21,0.54,330135.6,8933506.4,Review required
29,0.54,330595.6,8932696.4,Review required
33,0.54,331215.6,8932576.4,Review required
16,0.54,331120.6,8934006.4,Review required
59,0.54,327485.6,8929746.4,Review required
83,0.54,328490.6,8927471.4,Review required
37,0.45,326768.6,8932208.4,Review required
39,0.45,324902.6,8932082.4,Review required
7,0.45,328028.6,8935070.4,Review required
47,0.45,329378.6,8930372.4,Review required
51,0.45,328724.6,8930258.4,Review required
50,0.45,328502.6,8930258.4,Review required
48,0.45,328298.6,8930324.4,Review required
72,0.45,326804.6,8928242.4,Review required
5,0.36,332945.6,8935241.4,Review required
80,0.36,328235.6,8927741.4,Review required
9,0.36,330958.1,8935046.4,Review required
10,0.36,331055.6,8934416.4,Review required
76,0.36,326750.6,8928011.4,Review required
45,0.36,330440.6,8930471.4,Review required
17,0.36,330590.6,8933801.4,Review required
19,0.36,326810.6,8933523.9,Review required
68,0.36,331055.6,8928851.4,Review required
22,0.36,331415.6,8933501.4,Review required
24,0.36,328535.6,8933246.4,Review required
30,0.36,331205.6,8932706.4,Review required
32,0.36,330665.6,8932586.4,Review required
60,0.36,329705.6,8929766.4,Review required
36,0.36,331115.6,8932256.4,Review required
54,0.36,329315.6,8930066.4,Review required
1,0.36,329488.1,8936118.9,Review required
