row,col,reference_loss,ml_score,partition
10,209,0,0.015771914,spatial_holdout
22,209,0,0.08367019,spatial_holdout
30,280,0,0.116224594,spatial_holdout
30,283,0,0.47302118,spatial_holdout
30,289,0,0.78186846,spatial_holdout
31,270,0,0.19569959,spatial_holdout
31,273,0,0.12489849,spatial_holdout
31,276,0,0.19336414,spatial_holdout
31,279,0,0.19010116,spatial_holdout
31,282,0,0.03504138,spatial_holdout
31,286,0,0.046749894,spatial_holdout
31,289,0,0.17002,spatial_holdout
32,267,0,0.17503954,spatial_holdout
32,270,0,0.24947047,spatial_holdout
32,273,0,0.013374907,spatial_holdout
32,277,0,0.008699774,spatial_holdout
32,280,0,0.003496093,spatial_holdout
32,283,0,0.77681136,spatial_holdout
32,286,0,0.012875843,spatial_holdout
32,289,0,0.0465733,spatial_holdout
33,271,0,0.008272556,spatial_holdout
33,274,0,0.0012858668,spatial_holdout
33,277,0,0.0060477844,spatial_holdout
33,280,0,0.002876327,spatial_holdout
33,283,0,0.62277913,spatial_holdout
33,287,0,0.009415282,spatial_holdout
34,273,1,0.109337345,spatial_holdout
34,276,0,0.007688789,spatial_holdout
34,279,0,0.045522243,spatial_holdout
34,282,0,0.002997152,spatial_holdout
34,286,0,0.097002536,spatial_holdout
34,289,0,0.12659465,spatial_holdout
35,276,1,0.071782194,spatial_holdout
35,281,0,0.033939477,spatial_holdout
35,284,0,0.0018154541,spatial_holdout
35,288,0,0.061182093,spatial_holdout
36,280,0,0.7750349,spatial_holdout
36,283,0,0.12773106,spatial_holdout
36,286,0,0.12190429,spatial_holdout
37,216,0,0.5995933,spatial_holdout
37,285,0,0.39800024,spatial_holdout
37,288,0,0.20702761,spatial_holdout
38,287,0,0.0978442,spatial_holdout
39,232,0,0.99444324,spatial_holdout
40,219,0,0.83899677,spatial_holdout
42,218,0,0.94451475,spatial_holdout
42,221,1,0.84885114,spatial_holdout
43,221,0,0.0028611305,spatial_holdout
45,223,1,0.7378408,spatial_holdout
48,224,0,0.04487193,spatial_holdout
49,225,0,0.0006443972,spatial_holdout
50,224,0,0.0024334283,spatial_holdout
50,227,0,0.0012988092,spatial_holdout
50,230,0,0.2816274,spatial_holdout
51,226,0,0.0060708905,spatial_holdout
51,230,0,0.018437283,spatial_holdout
52,222,0,0.001217404,spatial_holdout
52,227,0,0.0009670801,spatial_holdout
52,230,0,0.008568084,spatial_holdout
52,235,0,0.36616188,spatial_holdout
53,221,0,0.02986697,spatial_holdout
53,226,0,0.013833973,spatial_holdout
53,229,0,0.0075237434,spatial_holdout
53,232,0,0.02613291,spatial_holdout
53,235,0,0.034362555,spatial_holdout
53,239,0,0.07867842,spatial_holdout
53,242,0,0.008897427,spatial_holdout
53,250,0,0.03428982,spatial_holdout
54,222,0,0.05261562,spatial_holdout
54,225,0,0.00448222,spatial_holdout
54,229,0,0.017675612,spatial_holdout
54,232,0,0.10201179,spatial_holdout
54,235,0,0.004221506,spatial_holdout
54,238,0,0.018597245,spatial_holdout
54,241,0,0.0004890853,spatial_holdout
55,220,0,0.011172076,spatial_holdout
55,223,0,0.04170968,spatial_holdout
55,226,0,0.0016424847,spatial_holdout
55,229,0,0.009492878,spatial_holdout
55,232,0,0.034103587,spatial_holdout
55,236,0,0.01312481,spatial_holdout
55,239,0,0.14595532,spatial_holdout
55,242,0,0.0023241737,spatial_holdout
56,217,0,0.096275456,spatial_holdout
56,220,0,0.020693313,spatial_holdout
56,224,0,0.019986434,spatial_holdout
56,227,0,0.004167758,spatial_holdout
56,233,0,0.0045881653,spatial_holdout
56,236,0,0.008491663,spatial_holdout
56,239,0,0.019221965,spatial_holdout
57,217,0,0.114909485,spatial_holdout
57,220,0,0.053411897,spatial_holdout
57,223,0,0.0010126162,spatial_holdout
57,226,0,0.0010510909,spatial_holdout
57,229,0,0.009580989,spatial_holdout
57,233,0,0.008717616,spatial_holdout
57,236,0,0.001179257,spatial_holdout
57,239,0,0.036404494,spatial_holdout
57,243,0,0.01137475,spatial_holdout
58,217,0,0.0037747964,spatial_holdout
58,221,0,0.12080144,spatial_holdout
58,224,0,0.0041283364,spatial_holdout
58,227,0,0.002302988,spatial_holdout
58,230,0,0.0020276303,spatial_holdout
58,233,0,0.0011119713,spatial_holdout
58,237,0,0.011969996,spatial_holdout
58,240,0,0.00081813114,spatial_holdout
58,243,0,0.0010232129,spatial_holdout
59,216,0,0.0010632904,spatial_holdout
59,219,0,0.04635063,spatial_holdout
59,223,0,0.079820395,spatial_holdout
59,226,0,0.010451069,spatial_holdout
59,229,0,0.0023816891,spatial_holdout
59,232,0,0.0007519337,spatial_holdout
59,235,0,0.12686671,spatial_holdout
59,239,0,0.00065694784,spatial_holdout
59,242,0,0.01373137,spatial_holdout
60,214,0,0.106841825,spatial_holdout
60,218,1,0.01695805,spatial_holdout
60,221,1,0.6063457,spatial_holdout
60,225,0,0.05087352,spatial_holdout
60,228,0,0.009582721,spatial_holdout
60,231,0,0.2685668,spatial_holdout
60,234,0,0.0011973163,spatial_holdout
60,237,0,0.0005187028,spatial_holdout
60,241,0,0.011555068,spatial_holdout
61,227,1,0.60829484,spatial_holdout
61,230,0,0.35417053,spatial_holdout
61,233,0,0.012166442,spatial_holdout
61,236,0,0.00079990126,spatial_holdout
61,240,0,0.0030269998,spatial_holdout
61,243,0,0.0025644342,spatial_holdout
62,234,0,0.56522816,spatial_holdout
62,237,0,0.07467737,spatial_holdout
62,240,0,0.0053556627,spatial_holdout
63,213,0,0.10403447,spatial_holdout
63,240,0,0.36726397,spatial_holdout
63,243,0,0.0029899704,spatial_holdout
64,214,0,0.0011818048,spatial_holdout
65,212,0,0.026346149,spatial_holdout
66,213,0,0.12849535,spatial_holdout
67,213,0,0.012145345,spatial_holdout
68,213,0,0.04307238,spatial_holdout
68,245,0,0.0066204034,spatial_holdout
68,248,0,0.002837399,spatial_holdout
68,252,0,0.37811166,spatial_holdout
68,255,0,0.18482007,spatial_holdout
68,258,0,0.10021628,spatial_holdout
69,212,1,0.7062697,spatial_holdout
69,245,0,0.00047622123,spatial_holdout
69,249,0,0.013760785,spatial_holdout
69,252,0,0.016066926,spatial_holdout
69,255,0,0.0033431924,spatial_holdout
69,281,0,0.035887826,spatial_holdout
70,212,0,0.8075333,spatial_holdout
70,245,0,0.008354961,spatial_holdout
70,248,0,0.00069637405,spatial_holdout
70,251,0,0.0012863689,spatial_holdout
70,254,0,0.19052152,spatial_holdout
70,257,0,0.18665655,spatial_holdout
71,210,0,0.27701044,spatial_holdout
71,213,0,0.6627171,spatial_holdout
71,243,0,0.0013513975,spatial_holdout
71,246,0,0.00046596362,spatial_holdout
71,249,0,0.00082179677,spatial_holdout
71,253,0,0.012598931,spatial_holdout
71,256,0,0.14170818,spatial_holdout
72,209,0,0.005896787,spatial_holdout
72,212,0,0.0050562867,spatial_holdout
72,239,1,0.657231,spatial_holdout
72,242,0,0.005791488,spatial_holdout
72,245,0,0.014507131,spatial_holdout
72,248,0,0.0006666597,spatial_holdout
72,251,0,0.0011202373,spatial_holdout
72,255,0,0.004089821,spatial_holdout
73,211,0,0.00398954,spatial_holdout
73,214,0,0.2015298,spatial_holdout
73,217,0,0.97038305,spatial_holdout
73,220,1,0.8850156,spatial_holdout
73,224,0,0.62026286,spatial_holdout
73,239,0,0.55704784,spatial_holdout
73,242,0,0.0008841856,spatial_holdout
73,245,0,0.11724326,spatial_holdout
73,248,0,0.0022673279,spatial_holdout
73,252,0,0.0035865065,spatial_holdout
73,255,0,0.0071573723,spatial_holdout
74,211,0,0.010332558,spatial_holdout
74,214,0,0.0052711656,spatial_holdout
74,217,0,0.0011680969,spatial_holdout
74,221,0,0.624144,spatial_holdout
74,224,0,0.75078976,spatial_holdout
74,239,0,0.37966233,spatial_holdout
74,242,0,0.00077887333,spatial_holdout
74,245,0,0.002584269,spatial_holdout
74,249,0,0.013743064,spatial_holdout
74,252,0,0.33903378,spatial_holdout
74,255,0,0.02851396,spatial_holdout
75,211,0,0.017423622,spatial_holdout
75,214,0,0.00073530903,spatial_holdout
75,218,0,0.002534645,spatial_holdout
75,221,0,0.009774593,spatial_holdout
75,237,0,0.55194265,spatial_holdout
75,240,0,0.063243896,spatial_holdout
75,243,0,0.0055637034,spatial_holdout
75,247,0,0.0012629937,spatial_holdout
75,250,0,0.08808925,spatial_holdout
75,253,0,0.16340059,spatial_holdout
76,209,0,0.03388362,spatial_holdout
76,212,0,0.0062698554,spatial_holdout
76,216,0,0.0020218033,spatial_holdout
76,219,0,0.008800332,spatial_holdout
76,222,0,0.0031902788,spatial_holdout
76,237,0,0.1018397,spatial_holdout
76,240,0,0.038704094,spatial_holdout
76,244,0,0.028864926,spatial_holdout
76,247,0,0.034556247,spatial_holdout
76,250,0,0.07029931,spatial_holdout
76,253,0,0.41827902,spatial_holdout
77,209,0,0.061288357,spatial_holdout
77,213,0,0.0037239573,spatial_holdout
77,216,0,0.0036196245,spatial_holdout
77,219,0,0.026496956,spatial_holdout
77,222,0,0.002784289,spatial_holdout
77,237,0,0.4696638,spatial_holdout
77,242,0,0.0010985348,spatial_holdout
77,245,0,0.008685615,spatial_holdout
77,248,0,0.001079647,spatial_holdout
77,251,0,0.0010004169,spatial_holdout
77,254,0,0.046603736,spatial_holdout
78,212,0,0.0051142755,spatial_holdout
78,215,0,0.008004617,spatial_holdout
78,218,0,0.0012449726,spatial_holdout
78,221,0,0.003905707,spatial_holdout
78,240,1,0.9728159,spatial_holdout
78,244,0,0.0009150419,spatial_holdout
78,247,0,0.0016780344,spatial_holdout
78,250,0,0.0010994984,spatial_holdout
78,253,0,0.00082179677,spatial_holdout
79,210,0,0.04067331,spatial_holdout
79,214,0,0.079949126,spatial_holdout
79,217,0,0.011883834,spatial_holdout
79,220,0,0.002059972,spatial_holdout
79,223,0,0.66347647,spatial_holdout
79,241,0,0.3929406,spatial_holdout
79,245,0,0.0022741414,spatial_holdout
79,248,0,0.0023790107,spatial_holdout
79,251,0,0.0025539724,spatial_holdout
80,210,0,0.00095017935,spatial_holdout
80,213,0,0.0468922,spatial_holdout
80,217,0,0.0015154005,spatial_holdout
80,220,0,0.04082083,spatial_holdout
80,223,0,0.5724374,spatial_holdout
80,246,0,0.0014310265,spatial_holdout
80,249,0,0.009171943,spatial_holdout
80,255,0,0.063331865,spatial_holdout
81,211,0,0.046911847,spatial_holdout
81,214,0,0.0011001615,spatial_holdout
81,217,0,0.00085303705,spatial_holdout
81,220,0,0.048569307,spatial_holdout
81,247,0,0.05677527,spatial_holdout
81,250,0,0.13266669,spatial_holdout
81,255,0,0.0045338846,spatial_holdout
82,211,0,0.06644605,spatial_holdout
82,214,0,0.0028619452,spatial_holdout
82,218,0,0.0058797062,spatial_holdout
82,221,0,0.018510874,spatial_holdout
82,234,0,0.35336116,spatial_holdout
82,249,0,0.0014309356,spatial_holdout
82,255,0,0.07132843,spatial_holdout
83,211,0,0.01736788,spatial_holdout
83,214,0,0.001086833,spatial_holdout
83,217,0,0.0007102447,spatial_holdout
83,220,0,0.010550323,spatial_holdout
83,233,0,0.37901375,spatial_holdout
83,255,0,0.037487306,spatial_holdout
84,210,0,0.0012463616,spatial_holdout
84,213,0,0.1074169,spatial_holdout
84,216,0,0.09815565,spatial_holdout
84,219,0,0.0006962999,spatial_holdout
84,233,1,0.55093354,spatial_holdout
85,210,0,0.0072800713,spatial_holdout
85,213,0,0.0031000725,spatial_holdout
85,216,0,0.0040748385,spatial_holdout
85,219,0,0.001119055,spatial_holdout
85,233,0,0.75562024,spatial_holdout
85,241,0,0.1658382,spatial_holdout
86,211,0,0.18065631,spatial_holdout
86,214,0,0.001409753,spatial_holdout
86,217,0,0.066784,spatial_holdout
86,221,0,0.23706472,spatial_holdout
86,240,0,0.0032083099,spatial_holdout
87,209,0,0.12486021,spatial_holdout
87,212,0,0.014724152,spatial_holdout
87,215,0,0.019744173,spatial_holdout
87,219,0,0.01710027,spatial_holdout
87,222,0,0.8277011,spatial_holdout
87,240,0,0.019580627,spatial_holdout
87,243,0,0.03539778,spatial_holdout
88,214,0,0.04077919,spatial_holdout
88,218,0,0.06030477,spatial_holdout
88,221,0,0.44639662,spatial_holdout
88,240,0,0.04001553,spatial_holdout
88,243,0,0.0014823149,spatial_holdout
88,256,0,0.36409184,spatial_holdout
89,220,0,0.009123842,spatial_holdout
89,237,0,0.20824295,spatial_holdout
89,240,0,0.36343214,spatial_holdout
89,243,0,0.02296234,spatial_holdout
89,246,0,0.24154688,spatial_holdout
90,220,0,0.2179644,spatial_holdout
90,237,0,0.26526996,spatial_holdout
90,240,0,0.93079585,spatial_holdout
90,243,0,0.5312654,spatial_holdout
90,246,0,0.25772592,spatial_holdout
91,233,1,0.5420457,spatial_holdout
91,239,1,0.9998434,spatial_holdout
91,242,1,0.98938435,spatial_holdout
92,237,1,0.6553588,spatial_holdout
92,240,1,0.99514276,spatial_holdout
93,238,1,0.9941581,spatial_holdout
93,241,1,0.99590576,spatial_holdout
94,237,1,0.80023634,spatial_holdout
94,257,0,0.13125007,spatial_holdout
95,237,1,0.80472714,spatial_holdout
96,227,0,0.050090577,spatial_holdout
96,256,0,0.16678426,spatial_holdout
97,226,0,0.036688123,spatial_holdout
97,237,1,0.84504837,spatial_holdout
97,258,0,0.011817105,spatial_holdout
98,227,0,0.23235807,spatial_holdout
100,256,0,0.13575172,spatial_holdout
103,257,0,0.18226072,spatial_holdout
104,257,0,0.18104874,spatial_holdout
105,210,0,0.29250428,spatial_holdout
105,213,0,0.1463454,spatial_holdout
106,210,0,0.23905155,spatial_holdout
106,214,0,0.048552107,spatial_holdout
106,217,0,0.108173616,spatial_holdout
107,210,0,0.07622869,spatial_holdout
107,214,1,0.028045906,spatial_holdout
107,217,0,0.062225986,spatial_holdout
107,220,0,0.23462953,spatial_holdout
107,223,0,0.37879908,spatial_holdout
108,209,1,0.03568269,spatial_holdout
108,212,0,0.07340595,spatial_holdout
108,215,0,0.01428471,spatial_holdout
108,218,0,0.0010077192,spatial_holdout
108,221,0,0.008822916,spatial_holdout
108,225,0,0.079975456,spatial_holdout
108,228,0,0.48679462,spatial_holdout
108,231,0,0.5022332,spatial_holdout
109,210,1,0.048333112,spatial_holdout
109,213,1,0.020318778,spatial_holdout
109,217,0,0.00061102776,spatial_holdout
109,220,0,0.006805413,spatial_holdout
109,223,0,0.028520737,spatial_holdout
109,226,0,0.0074320585,spatial_holdout
109,229,0,0.012411205,spatial_holdout
109,233,0,0.40259713,spatial_holdout
110,210,1,0.09347181,spatial_holdout
110,214,1,0.021456337,spatial_holdout
110,217,0,0.028490122,spatial_holdout
110,220,0,0.0060014767,spatial_holdout
110,224,0,0.0290192,spatial_holdout
110,227,0,0.0040522856,spatial_holdout
110,230,0,0.10126681,spatial_holdout
110,233,0,0.018117916,spatial_holdout
111,214,1,0.0061057815,spatial_holdout
111,218,0,0.012682629,spatial_holdout
111,221,0,0.006777487,spatial_holdout
111,224,0,0.07138388,spatial_holdout
111,227,0,0.004016705,spatial_holdout
111,230,0,0.058260493,spatial_holdout
111,234,0,0.73997235,spatial_holdout
112,217,0,0.0142866615,spatial_holdout
112,220,0,0.01340125,spatial_holdout
112,223,0,0.009217093,spatial_holdout
112,226,0,0.0041809003,spatial_holdout
112,230,0,0.00087711244,spatial_holdout
112,233,0,0.094632424,spatial_holdout
112,239,0,0.84839535,spatial_holdout
113,216,0,0.29798248,spatial_holdout
113,219,0,0.01227046,spatial_holdout
113,223,0,0.00080522086,spatial_holdout
113,226,0,0.036413044,spatial_holdout
113,229,0,0.0034325537,spatial_holdout
113,232,0,0.008003469,spatial_holdout
113,235,1,0.73860514,spatial_holdout
113,239,0,0.479197,spatial_holdout
113,242,0,0.0038773133,spatial_holdout
114,216,1,0.92938787,spatial_holdout
114,221,0,0.8615137,spatial_holdout
114,224,0,0.009936806,spatial_holdout
114,228,0,0.02624945,spatial_holdout
114,231,0,0.2263664,spatial_holdout
114,234,1,0.12141576,spatial_holdout
114,237,1,0.27148366,spatial_holdout
114,240,0,0.0076019424,spatial_holdout
114,244,0,0.04068816,spatial_holdout
115,221,1,0.9939728,spatial_holdout
115,224,1,0.7644455,spatial_holdout
115,227,0,0.4424238,spatial_holdout
115,230,0,0.09522412,spatial_holdout
115,236,1,0.076484494,spatial_holdout
115,239,0,0.004684165,spatial_holdout
115,242,0,0.056586977,spatial_holdout
115,245,0,0.0142492475,spatial_holdout
116,218,1,0.9985091,spatial_holdout
116,224,1,0.99743915,spatial_holdout
116,235,1,0.03093623,spatial_holdout
116,238,0,0.22693716,spatial_holdout
116,241,0,0.0042013237,spatial_holdout
116,244,0,0.012886561,spatial_holdout
117,220,1,0.9961339,spatial_holdout
117,225,1,0.99192625,spatial_holdout
117,235,1,0.040125847,spatial_holdout
117,238,0,0.27279264,spatial_holdout
117,241,0,0.0007543278,spatial_holdout
117,245,0,0.16342607,spatial_holdout
118,221,1,0.99979645,spatial_holdout
118,225,1,0.99507326,spatial_holdout
118,236,1,0.009762436,spatial_holdout
118,239,0,0.035433963,spatial_holdout
118,243,0,0.0067543006,spatial_holdout
119,215,1,0.9798927,spatial_holdout
119,222,1,1.0,spatial_holdout
119,233,1,0.80816287,spatial_holdout
119,236,1,0.16555576,spatial_holdout
119,240,0,0.009599803,spatial_holdout
119,243,0,0.0005704948,spatial_holdout
120,220,1,0.9998374,spatial_holdout
120,223,1,0.99965477,spatial_holdout
120,234,1,0.66612977,spatial_holdout
120,238,0,0.008622992,spatial_holdout
120,241,0,0.07814728,spatial_holdout
120,244,0,0.013473108,spatial_holdout
121,223,1,0.9996892,spatial_holdout
121,233,1,0.7543991,spatial_holdout
121,237,0,0.012318365,spatial_holdout
121,240,0,0.03045507,spatial_holdout
121,243,0,0.0005745388,spatial_holdout
122,226,1,0.9957001,spatial_holdout
122,233,1,0.6679562,spatial_holdout
122,237,0,0.00095254165,spatial_holdout
122,240,0,0.011970627,spatial_holdout
122,243,0,0.0012759597,spatial_holdout
123,230,1,0.99929255,spatial_holdout
123,234,1,0.5710538,spatial_holdout
123,238,0,0.08694498,spatial_holdout
123,242,0,0.07324015,spatial_holdout
124,232,1,0.7713192,spatial_holdout
124,235,1,0.18497176,spatial_holdout
124,238,0,0.020592583,spatial_holdout
124,242,0,0.038658917,spatial_holdout
125,232,1,0.87754846,spatial_holdout
125,235,1,0.15197977,spatial_holdout
125,238,0,0.03568145,spatial_holdout
125,241,0,0.011698907,spatial_holdout
126,232,1,0.6348058,spatial_holdout
126,235,1,0.44164476,spatial_holdout
126,238,0,0.080403924,spatial_holdout
126,241,0,0.0010704353,spatial_holdout
127,230,0,0.37377897,spatial_holdout
127,234,0,0.03517089,spatial_holdout
127,237,0,0.037678882,spatial_holdout
127,240,0,0.022341333,spatial_holdout
127,275,0,0.22955833,spatial_holdout
127,278,0,0.3102346,spatial_holdout
128,231,1,0.7601552,spatial_holdout
128,234,0,0.0023898084,spatial_holdout
128,237,0,0.110712186,spatial_holdout
128,240,0,0.0011418287,spatial_holdout
128,272,0,0.12871963,spatial_holdout
129,231,0,0.70610756,spatial_holdout
129,234,1,0.009930916,spatial_holdout
129,237,0,0.061007753,spatial_holdout
129,240,0,0.07015761,spatial_holdout
129,277,0,0.32095852,spatial_holdout
130,233,0,0.5031025,spatial_holdout
130,236,1,0.5320775,spatial_holdout
130,239,0,0.016319403,spatial_holdout
131,216,0,0.5066388,spatial_holdout
131,219,0,0.58865976,spatial_holdout
131,241,1,0.84028494,spatial_holdout
132,214,0,0.08947604,spatial_holdout
132,218,0,0.07106134,spatial_holdout
132,221,0,0.60764146,spatial_holdout
132,224,0,0.52566487,spatial_holdout
133,215,0,0.029657159,spatial_holdout
133,218,0,0.2767152,spatial_holdout
133,221,0,0.012733549,spatial_holdout
133,224,0,0.13503289,spatial_holdout
134,214,0,0.05525613,spatial_holdout
134,218,0,0.1027674,spatial_holdout
134,221,0,0.121450044,spatial_holdout
134,224,0,0.060724854,spatial_holdout
134,227,0,0.24640432,spatial_holdout
135,216,0,0.9258455,spatial_holdout
135,220,0,0.09561117,spatial_holdout
135,223,0,0.15505143,spatial_holdout
135,226,0,0.15093379,spatial_holdout
136,214,0,0.08268575,spatial_holdout
136,218,0,0.91938794,spatial_holdout
136,221,0,0.48086104,spatial_holdout
136,224,0,0.10070583,spatial_holdout
136,227,0,0.11363669,spatial_holdout
136,257,0,0.114040144,spatial_holdout
137,214,0,0.11958661,spatial_holdout
137,217,1,0.68646485,spatial_holdout
137,220,0,0.87716913,spatial_holdout
137,223,0,0.18847549,spatial_holdout
137,226,0,0.047527872,spatial_holdout
137,267,0,0.046964034,spatial_holdout
138,213,0,0.5363628,spatial_holdout
138,216,0,0.2266449,spatial_holdout
138,219,1,0.9131016,spatial_holdout
138,222,0,0.9687605,spatial_holdout
138,226,0,0.00834928,spatial_holdout
138,229,0,0.10675894,spatial_holdout
138,267,0,0.0074779163,spatial_holdout
139,213,0,0.61729056,spatial_holdout
139,216,0,0.022275636,spatial_holdout
139,220,1,0.9610142,spatial_holdout
139,223,1,0.9350922,spatial_holdout
139,226,1,0.8622807,spatial_holdout
139,233,0,0.2657136,spatial_holdout
139,267,0,0.0056822505,spatial_holdout
140,214,1,0.9938688,spatial_holdout
140,217,1,0.40040436,spatial_holdout
140,220,1,0.9927287,spatial_holdout
140,223,1,0.97854626,spatial_holdout
140,226,1,0.9734767,spatial_holdout
140,268,0,0.006575657,spatial_holdout
141,211,1,0.9975416,spatial_holdout
141,214,1,1.0,spatial_holdout
141,217,1,0.9520277,spatial_holdout
141,220,1,0.99829495,spatial_holdout
141,224,1,0.98663723,spatial_holdout
141,243,0,0.13583528,spatial_holdout
142,211,1,0.9370258,spatial_holdout
142,214,0,0.9744461,spatial_holdout
142,217,1,0.9975907,spatial_holdout
142,221,1,0.9876012,spatial_holdout
142,224,1,0.9975119,spatial_holdout
143,209,0,0.35485095,spatial_holdout
143,212,0,0.580525,spatial_holdout
143,215,0,0.93542415,spatial_holdout
143,219,1,0.9985121,spatial_holdout
143,222,1,0.9622233,spatial_holdout
143,225,1,0.99662733,spatial_holdout
144,210,0,0.5650953,spatial_holdout
144,213,0,0.84841317,spatial_holdout
144,217,1,0.99722344,spatial_holdout
144,220,1,0.9786681,spatial_holdout
144,223,1,0.9687413,spatial_holdout
144,226,1,0.9934205,spatial_holdout
145,210,0,0.5958355,spatial_holdout
145,214,1,0.67721504,spatial_holdout
145,217,1,0.99584913,spatial_holdout
145,220,1,0.99665403,spatial_holdout
145,223,1,0.99661547,spatial_holdout
145,226,1,0.9998374,spatial_holdout
146,212,1,0.9540523,spatial_holdout
146,215,1,0.9768651,spatial_holdout
146,218,1,1.0,spatial_holdout
146,221,1,0.99823,spatial_holdout
146,224,1,0.9994755,spatial_holdout
147,210,1,1.0,spatial_holdout
147,213,1,1.0,spatial_holdout
147,216,1,0.98663926,spatial_holdout
147,219,1,0.9998505,spatial_holdout
147,222,1,0.99988234,spatial_holdout
147,226,1,1.0,spatial_holdout
148,211,1,1.0,spatial_holdout
148,214,1,0.9993357,spatial_holdout
148,217,1,0.9884212,spatial_holdout
148,220,1,0.9994874,spatial_holdout
148,224,1,1.0,spatial_holdout
149,210,1,1.0,spatial_holdout
149,213,1,0.9995252,spatial_holdout
149,220,1,0.9997933,spatial_holdout
149,223,1,0.99967384,spatial_holdout
150,210,1,1.0,spatial_holdout
150,265,0,0.091281824,spatial_holdout
151,211,1,0.98623306,spatial_holdout
152,264,0,0.042436812,spatial_holdout
154,290,0,0.24336001,spatial_holdout
164,231,1,0.9883477,spatial_holdout
165,232,1,0.997884,spatial_holdout
166,230,1,0.9954219,spatial_holdout
166,237,1,0.9993357,spatial_holdout
167,231,1,0.9888014,spatial_holdout
168,230,1,0.99833524,spatial_holdout
168,233,1,0.9993672,spatial_holdout
169,230,1,0.99946874,spatial_holdout
170,221,1,0.9510667,spatial_holdout
171,221,1,0.99075294,spatial_holdout
171,230,1,0.99898237,spatial_holdout
171,234,1,1.0,spatial_holdout
172,223,1,0.9995837,spatial_holdout
172,226,1,0.99898833,spatial_holdout
172,229,1,1.0,spatial_holdout
172,233,1,1.0,spatial_holdout
173,219,1,0.9341134,spatial_holdout
173,228,1,1.0,spatial_holdout
173,231,1,1.0,spatial_holdout
173,234,1,1.0,spatial_holdout
174,220,1,0.92287046,spatial_holdout
174,231,1,0.9983355,spatial_holdout
174,234,1,1.0,spatial_holdout
175,219,0,0.77642816,spatial_holdout
175,230,1,0.99843144,spatial_holdout
175,234,1,0.99605095,spatial_holdout
176,218,0,0.19538371,spatial_holdout
176,230,1,0.9983432,spatial_holdout
176,233,1,0.9911253,spatial_holdout
176,236,1,0.980423,spatial_holdout
177,215,0,0.4997851,spatial_holdout
177,230,1,0.99509037,spatial_holdout
177,233,1,0.99817467,spatial_holdout
177,236,1,0.9998515,spatial_holdout
178,219,0,0.3346946,spatial_holdout
178,232,1,0.9639818,spatial_holdout
178,236,1,0.9542698,spatial_holdout
178,265,0,0.23435557,spatial_holdout
179,215,0,0.3440132,spatial_holdout
179,230,1,0.9976172,spatial_holdout
179,234,1,0.9980131,spatial_holdout
179,265,0,0.13510817,spatial_holdout
179,268,0,0.6572605,spatial_holdout
180,217,0,0.3264842,spatial_holdout
180,229,1,0.9998365,spatial_holdout
180,233,1,0.9954641,spatial_holdout
180,238,1,0.9264963,spatial_holdout
181,219,1,0.25999126,spatial_holdout
181,230,1,0.9768353,spatial_holdout
181,233,1,0.9931046,spatial_holdout
181,239,1,0.9637652,spatial_holdout
182,216,0,0.41348663,spatial_holdout
182,220,0,0.89277065,spatial_holdout
182,227,0,0.003419808,spatial_holdout
182,230,0,0.33681086,spatial_holdout
182,234,1,0.8069486,spatial_holdout
182,237,0,0.76711,spatial_holdout
183,221,0,0.15234837,spatial_holdout
183,224,0,0.009575359,spatial_holdout
183,227,0,0.08338483,spatial_holdout
183,231,0,0.00096820365,spatial_holdout
183,234,0,0.0041613327,spatial_holdout
183,237,0,0.0018531169,spatial_holdout
184,220,0,0.001901267,spatial_holdout
184,223,0,0.008701824,spatial_holdout
184,227,0,0.013883275,spatial_holdout
184,230,0,0.0035539493,spatial_holdout
184,233,0,0.0024075555,spatial_holdout
184,236,0,0.005314449,spatial_holdout
184,239,0,0.053942285,spatial_holdout
185,221,0,0.023897355,spatial_holdout
185,224,0,0.0033242935,spatial_holdout
185,227,0,0.009186848,spatial_holdout
185,230,0,0.012431418,spatial_holdout
185,233,0,0.014113207,spatial_holdout
185,237,0,0.002020486,spatial_holdout
185,241,0,0.6460913,spatial_holdout
186,220,0,0.012787083,spatial_holdout
186,223,0,0.0007889933,spatial_holdout
186,227,0,0.001076101,spatial_holdout
186,230,0,0.040343627,spatial_holdout
186,233,0,0.00089088397,spatial_holdout
186,236,0,0.0014758491,spatial_holdout
186,239,0,0.0011031255,spatial_holdout
187,222,0,0.0021994968,spatial_holdout
187,225,0,0.03517243,spatial_holdout
187,228,0,0.010120409,spatial_holdout
187,231,0,0.0054837107,spatial_holdout
187,234,0,0.036467712,spatial_holdout
187,238,0,0.0020440705,spatial_holdout
188,220,0,0.026864203,spatial_holdout
188,223,0,0.01632627,spatial_holdout
188,226,0,0.002151124,spatial_holdout
188,229,0,0.0014359549,spatial_holdout
188,233,0,0.0022222183,spatial_holdout
188,236,0,0.0007749656,spatial_holdout
189,219,0,0.011019185,spatial_holdout
189,222,0,0.061413772,spatial_holdout
189,225,0,0.00053352077,spatial_holdout
189,229,0,0.017693559,spatial_holdout
189,232,0,0.007121608,spatial_holdout
189,235,0,0.011863629,spatial_holdout
189,238,0,0.008468065,spatial_holdout
190,221,0,0.0018722697,spatial_holdout
190,225,0,0.0043347217,spatial_holdout
190,228,0,0.053867888,spatial_holdout
190,231,0,0.021610333,spatial_holdout
190,234,0,0.0009386312,spatial_holdout
190,237,0,0.027672207,spatial_holdout
191,219,0,0.12542589,spatial_holdout
191,222,0,0.014902828,spatial_holdout
191,225,0,0.0048921006,spatial_holdout
191,228,0,0.09333373,spatial_holdout
191,231,0,0.0056782495,spatial_holdout
191,235,0,0.0056569306,spatial_holdout
191,238,0,0.06352276,spatial_holdout
192,220,0,0.0012059875,spatial_holdout
192,223,0,0.0008618818,spatial_holdout
192,226,0,0.00090745674,spatial_holdout
192,230,0,0.15972215,spatial_holdout
192,233,0,0.02926778,spatial_holdout
192,236,0,0.67740613,spatial_holdout
192,241,0,0.7836605,spatial_holdout
193,218,0,0.0060286955,spatial_holdout
193,222,0,0.18857235,spatial_holdout
193,225,0,0.0013195339,spatial_holdout
193,228,0,0.01564273,spatial_holdout
193,231,0,0.06549278,spatial_holdout
193,234,0,0.003771575,spatial_holdout
193,238,0,0.25252146,spatial_holdout
194,220,0,0.0025292758,spatial_holdout
194,223,0,0.008496512,spatial_holdout
194,226,0,0.02455116,spatial_holdout
194,229,0,0.005881151,spatial_holdout
194,233,0,0.011216966,spatial_holdout
194,236,0,0.0368394,spatial_holdout
195,219,0,0.0026724022,spatial_holdout
195,222,0,0.0013253401,spatial_holdout
195,225,0,0.1071039,spatial_holdout
195,229,0,0.14683458,spatial_holdout
195,232,0,0.0064966423,spatial_holdout
195,235,0,0.004836726,spatial_holdout
196,218,0,0.012397405,spatial_holdout
196,221,0,0.009073127,spatial_holdout
196,225,0,0.033358194,spatial_holdout
196,228,0,0.0008100339,spatial_holdout
196,231,0,0.0010386999,spatial_holdout
196,234,0,0.010587975,spatial_holdout
196,239,1,0.5128056,spatial_holdout
197,220,0,0.0022187005,spatial_holdout
197,223,0,0.017842405,spatial_holdout
197,226,0,0.088054,spatial_holdout
197,229,0,0.026696282,spatial_holdout
197,232,0,0.0054585454,spatial_holdout
198,217,0,0.0026917744,spatial_holdout
198,220,0,0.005018521,spatial_holdout
198,223,0,0.0057373955,spatial_holdout
198,226,0,0.07473752,spatial_holdout
198,229,0,0.015772121,spatial_holdout
198,233,0,0.0116647715,spatial_holdout
199,218,0,0.051175468,spatial_holdout
199,221,0,0.0057881824,spatial_holdout
199,224,0,0.1727903,spatial_holdout
199,227,0,0.002704041,spatial_holdout
199,231,0,0.026215639,spatial_holdout
199,234,0,0.00045259632,spatial_holdout
200,221,0,0.058167793,spatial_holdout
200,224,0,0.39671218,spatial_holdout
200,227,0,0.007860044,spatial_holdout
200,231,0,0.04208334,spatial_holdout
200,234,0,0.000906953,spatial_holdout
200,237,1,0.89617425,spatial_holdout
201,225,0,0.0029005504,spatial_holdout
201,228,0,0.0012377241,spatial_holdout
201,232,0,0.075324364,spatial_holdout
201,279,0,0.0876029,spatial_holdout
202,231,0,0.004381213,spatial_holdout
202,234,0,0.0041626054,spatial_holdout
203,233,0,0.0031216498,spatial_holdout
204,261,0,0.090575725,spatial_holdout
204,289,0,0.01712047,spatial_holdout
205,257,0,0.27821493,spatial_holdout
205,260,0,0.13795704,spatial_holdout
205,272,0,0.16621123,spatial_holdout
206,258,0,0.21200526,spatial_holdout
206,261,0,0.006888705,spatial_holdout
206,272,0,0.09076639,spatial_holdout
207,256,0,0.046129867,spatial_holdout
207,259,0,0.1402531,spatial_holdout
207,263,0,0.09047027,spatial_holdout
207,268,0,0.29583716,spatial_holdout
207,287,0,0.13970901,spatial_holdout
208,256,0,0.06850428,spatial_holdout
208,259,0,0.049146708,spatial_holdout
208,266,0,0.1151576,spatial_holdout
208,287,0,0.30362776,spatial_holdout
209,257,0,0.19294043,spatial_holdout
209,260,0,0.15310095,spatial_holdout
209,286,1,0.58303154,spatial_holdout
210,260,0,0.13752408,spatial_holdout
210,267,0,0.27516568,spatial_holdout
211,213,1,0.29601383,spatial_holdout
212,284,1,0.36993474,spatial_holdout
214,212,0,0.08681045,spatial_holdout
215,209,0,0.099253744,spatial_holdout
215,212,0,0.047822367,spatial_holdout
216,209,0,0.014206851,spatial_holdout
216,212,0,0.0015132502,spatial_holdout
217,210,0,0.014555358,spatial_holdout
217,279,0,0.069648325,spatial_holdout
218,211,0,0.062166538,spatial_holdout
218,214,1,0.93342406,spatial_holdout
219,209,0,0.0008060678,spatial_holdout
219,212,1,0.76280737,spatial_holdout
219,216,1,0.81221235,spatial_holdout
220,209,0,0.002523755,spatial_holdout
220,212,1,0.8668501,spatial_holdout
220,220,0,0.18870671,spatial_holdout
220,267,0,0.036903396,spatial_holdout
221,210,0,0.021871092,spatial_holdout
221,258,0,0.102591544,spatial_holdout
221,271,0,0.069016814,spatial_holdout
222,265,1,0.74943346,spatial_holdout
222,268,1,0.9527758,spatial_holdout
223,264,1,0.43420136,spatial_holdout
223,267,1,0.9790669,spatial_holdout
223,270,0,0.7785208,spatial_holdout
224,266,1,0.9929762,spatial_holdout
224,269,0,0.3686142,spatial_holdout
225,266,1,0.9094953,spatial_holdout
226,209,0,0.026613502,spatial_holdout
226,264,0,0.39888704,spatial_holdout
226,267,0,0.2387739,spatial_holdout
227,244,0,0.04324413,spatial_holdout
227,265,0,0.1731599,spatial_holdout
228,209,0,0.083197355,spatial_holdout
228,245,0,0.044839296,spatial_holdout
228,263,0,0.114058696,spatial_holdout
228,266,0,0.08024672,spatial_holdout
229,256,0,0.016166257,spatial_holdout
229,260,0,0.050069526,spatial_holdout
230,258,0,0.02280991,spatial_holdout
232,211,1,0.5073653,spatial_holdout
233,211,1,0.36647856,spatial_holdout
233,220,0,0.22409333,spatial_holdout
234,213,0,0.6765781,spatial_holdout
234,217,0,0.93972915,spatial_holdout
235,213,0,0.4540594,spatial_holdout
235,289,1,0.9953848,spatial_holdout
235,292,0,0.19193153,spatial_holdout
236,289,1,0.9997463,spatial_holdout
236,292,0,0.41736302,spatial_holdout
237,285,1,0.63630664,spatial_holdout
237,294,0,0.0054552173,spatial_holdout
238,289,1,0.99005014,spatial_holdout
238,292,0,0.00435623,spatial_holdout
239,216,0,0.17951599,spatial_holdout
239,219,0,0.3367746,spatial_holdout
240,217,0,0.21301416,spatial_holdout
240,220,0,0.034585677,spatial_holdout
240,290,0,0.58924043,spatial_holdout
241,218,0,0.18989688,spatial_holdout
241,221,0,0.098708175,spatial_holdout
242,218,0,0.41025123,spatial_holdout
242,221,0,0.16303512,spatial_holdout
242,224,0,0.067043,spatial_holdout
242,227,0,0.040365893,spatial_holdout
243,219,1,0.65152884,spatial_holdout
243,223,0,0.56666285,spatial_holdout
243,228,0,0.028477652,spatial_holdout
244,219,1,0.6667312,spatial_holdout
244,224,0,0.67730635,spatial_holdout
244,227,0,0.09026836,spatial_holdout
245,221,1,0.93053913,spatial_holdout
245,226,0,0.006528217,spatial_holdout
245,239,0,0.09524959,spatial_holdout
246,220,1,0.83291435,spatial_holdout
246,225,0,0.3280826,spatial_holdout
246,235,0,0.08476201,spatial_holdout
247,226,0,0.03853574,spatial_holdout
247,277,0,0.12039348,spatial_holdout
248,226,0,0.28798127,spatial_holdout
248,244,0,0.122680336,spatial_holdout
249,244,0,0.007893385,spatial_holdout
250,223,1,0.974262,spatial_holdout
250,230,0,0.038775392,spatial_holdout
250,244,0,0.031425674,spatial_holdout
251,228,0,0.31265533,spatial_holdout
251,232,1,0.49575326,spatial_holdout
252,221,1,0.97932875,spatial_holdout
252,245,0,0.029546998,spatial_holdout
253,220,1,0.9505,spatial_holdout
253,237,1,0.57423365,spatial_holdout
253,274,0,0.07985913,spatial_holdout
254,221,1,0.9147597,spatial_holdout
254,237,1,0.70945185,spatial_holdout
255,219,1,0.7475109,spatial_holdout
255,224,0,0.68763185,spatial_holdout
256,214,0,0.6146323,spatial_holdout
256,219,1,0.4609146,spatial_holdout
256,225,0,0.3751685,spatial_holdout
256,248,0,0.1060986,spatial_holdout
257,211,1,0.85924315,spatial_holdout
257,216,1,0.32244885,spatial_holdout
257,252,0,0.07199229,spatial_holdout
258,210,1,0.9471748,spatial_holdout
258,213,1,0.87238795,spatial_holdout
258,216,1,0.16362475,spatial_holdout
258,252,0,0.029935759,spatial_holdout
259,214,1,0.8139168,spatial_holdout
259,217,1,0.4924121,spatial_holdout
260,211,1,0.9750286,spatial_holdout
260,214,1,0.9163488,spatial_holdout
260,271,0,0.1711367,spatial_holdout
261,211,1,0.89703906,spatial_holdout
261,218,0,0.5999903,spatial_holdout
261,262,0,0.091426566,spatial_holdout
262,263,0,0.11863375,spatial_holdout
262,267,0,0.0708148,spatial_holdout
263,266,0,0.1422538,spatial_holdout
264,267,0,0.104927465,spatial_holdout
265,264,0,0.003322823,spatial_holdout
265,274,0,0.034501657,spatial_holdout
266,271,0,0.094121486,spatial_holdout
266,274,0,0.061633125,spatial_holdout
266,277,0,0.027360879,spatial_holdout
266,280,0,0.021929719,spatial_holdout
267,263,0,0.22672895,spatial_holdout
267,272,0,0.036422838,spatial_holdout
267,281,0,0.0058245263,spatial_holdout
268,260,0,0.52786833,spatial_holdout
268,263,0,0.13872218,spatial_holdout
268,273,0,0.028375283,spatial_holdout
269,257,0,0.23982163,spatial_holdout
269,260,0,0.1442731,spatial_holdout
269,270,0,0.012657163,spatial_holdout
269,275,0,0.016014228,spatial_holdout
269,280,0,0.010925926,spatial_holdout
270,256,0,0.08346825,spatial_holdout
270,266,0,0.08848277,spatial_holdout
270,276,0,0.09324165,spatial_holdout
270,280,0,0.008548249,spatial_holdout
271,253,1,0.912798,spatial_holdout
271,271,0,0.096649855,spatial_holdout
272,252,1,0.42533502,spatial_holdout
272,255,1,0.95409787,spatial_holdout
272,258,0,0.029902237,spatial_holdout
272,266,0,0.01009607,spatial_holdout
272,272,0,0.019709993,spatial_holdout
273,252,1,0.721671,spatial_holdout
273,255,1,0.5747498,spatial_holdout
273,258,0,0.0617206,spatial_holdout
274,250,0,0.44519243,spatial_holdout
274,254,1,0.38192275,spatial_holdout
274,271,0,0.13697463,spatial_holdout
275,250,0,0.3846142,spatial_holdout
275,253,1,0.1799008,spatial_holdout
275,272,0,0.15314156,spatial_holdout
276,248,0,0.679624,spatial_holdout
276,252,0,0.07360367,spatial_holdout
276,258,1,0.15444502,spatial_holdout
276,268,0,0.0864982,spatial_holdout
277,247,0,0.5104484,spatial_holdout
277,252,0,0.07811716,spatial_holdout
277,258,0,0.051902357,spatial_holdout
277,268,0,0.07684444,spatial_holdout
278,246,0,0.65658903,spatial_holdout
278,249,0,0.43112847,spatial_holdout
278,258,0,0.1685247,spatial_holdout
278,263,0,0.20474307,spatial_holdout
279,245,0,0.38814563,spatial_holdout
279,248,1,0.9006176,spatial_holdout
279,262,0,0.042981222,spatial_holdout
280,243,0,0.012352233,spatial_holdout
280,247,1,0.77588177,spatial_holdout
280,259,0,0.023985242,spatial_holdout
280,263,0,0.185895,spatial_holdout
281,244,0,0.13750087,spatial_holdout
281,256,0,0.14072765,spatial_holdout
281,262,0,0.12204175,spatial_holdout
282,244,0,0.18781762,spatial_holdout
282,255,0,0.13644633,spatial_holdout
282,258,0,0.04694638,spatial_holdout
283,245,0,0.065047845,spatial_holdout
283,253,0,0.17612214,spatial_holdout
283,258,0,0.026144905,spatial_holdout
283,282,0,0.017011639,spatial_holdout
284,262,0,0.064538576,spatial_holdout
284,283,0,0.20303492,spatial_holdout
285,264,0,0.02941894,spatial_holdout
286,254,0,0.08291629,spatial_holdout
287,240,0,0.14523835,spatial_holdout
287,243,0,0.12581524,spatial_holdout
287,281,0,0.13913636,spatial_holdout
288,242,0,0.38522127,spatial_holdout
288,280,0,0.19677815,spatial_holdout
289,249,0,0.05110393,spatial_holdout
289,270,0,0.09530355,spatial_holdout
289,284,0,0.23602465,spatial_holdout
290,240,0,0.021054473,spatial_holdout
290,282,0,0.18279852,spatial_holdout
290,285,0,0.08078247,spatial_holdout
291,249,0,0.033344984,spatial_holdout
291,279,0,0.08505614,spatial_holdout
291,282,0,0.097437344,spatial_holdout
291,285,0,0.09187816,spatial_holdout
292,279,0,0.057552245,spatial_holdout
292,282,0,0.060136683,spatial_holdout
293,267,0,0.05738823,spatial_holdout
294,252,0,0.040416595,spatial_holdout
294,285,0,0.13730319,spatial_holdout
295,284,0,0.18959743,spatial_holdout
296,266,0,0.18092851,spatial_holdout
