date,value,unit
2020-08-22,412.78,ppm
2020-08-23,412.42,ppm
2020-08-24,412.16,ppm
2020-08-25,412.67,ppm
2020-08-26,412.19,ppm
2020-08-27,411.81,ppm
2020-08-28,411.78,ppm
2020-08-29,412.15,ppm
2020-08-30,412.11,ppm
2020-08-31,411.64,ppm
2020-09-01,412.13,ppm
2020-09-02,412.05,ppm
2020-09-03,411.89,ppm
2020-09-04,411.17,ppm
2020-09-05,411.57,ppm
2020-09-06,412.1,ppm
2020-09-07,411.57,ppm
2020-09-08,411.96,ppm
2020-09-09,411.36,ppm
2020-09-10,411.19,ppm
2020-09-11,411.85,ppm
2020-09-12,411.01,ppm
2020-09-13,412.04,ppm
2020-09-14,411.68,ppm
2020-09-15,412.05,ppm
2020-09-16,411.87,ppm
2020-09-17,411.37,ppm
2020-09-18,411.35,ppm
2020-09-19,411.36,ppm
2020-09-20,411.32,ppm
2020-09-21,410.77,ppm
2020-09-23,411.47,ppm
2020-09-24,411.45,ppm
2020-09-25,411.11,ppm
2020-09-26,411.08,ppm
2020-09-27,411.03,ppm
2020-09-28,411.25,ppm
2020-09-29,411.36,ppm
2020-09-30,411.14,ppm
2020-10-01,411.32,ppm
2020-10-02,411.46,ppm
2020-10-03,411.31,ppm
2020-10-04,411.22,ppm
2020-10-05,411.25,ppm
2020-10-06,411.38,ppm
2020-10-07,411.29,ppm
2020-10-08,411.33,ppm
2020-10-09,411.08,ppm
2020-10-10,411.28,ppm
2020-10-11,411.4,ppm
2020-10-12,411.1,ppm
2020-10-13,411.4,ppm
2020-10-14,411.36,ppm
2020-10-15,411.26,ppm
2020-10-16,411.38,ppm
2020-10-17,411.36,ppm
2020-10-18,411.44,ppm
2020-10-19,411.35,ppm
2020-10-20,411.42,ppm
2020-10-21,412.05,ppm
2020-10-22,412.09,ppm
2020-10-23,411.99,ppm
2020-10-25,411.49,ppm
2020-10-26,411.46,ppm
2020-10-27,411.2,ppm
2020-10-28,411.73,ppm
2020-10-29,411.92,ppm
2020-10-30,411.86,ppm
2020-10-31,412.14,ppm
2020-11-01,412.37,ppm
2020-11-02,412.31,ppm
2020-11-03,410.96,ppm
2020-11-04,411.12,ppm
2020-11-06,412.49,ppm
2020-11-07,412.52,ppm
2020-11-08,412.35,ppm
2020-11-09,412.26,ppm
2020-11-10,413.56,ppm
2020-11-11,414.02,ppm
2020-11-12,413.07,ppm
2020-11-13,412.83,ppm
2020-11-14,412.78,ppm
2020-11-15,412.64,ppm
2020-11-16,412.78,ppm
2020-11-17,412.45,ppm
2020-11-18,412.35,ppm
2020-11-19,413.68,ppm
2020-11-21,412.54,ppm
2020-11-22,413.79,ppm
2020-11-24,413.6,ppm
2020-11-25,413.32,ppm
2020-11-26,413.46,ppm
2020-11-27,414.39,ppm
2020-11-28,415.7,ppm
2020-11-29,415.71,ppm
2020-11-30,414.57,ppm
2020-12-01,413.9,ppm
2020-12-02,413.79,ppm
2020-12-03,413.74,ppm
2020-12-04,413.05,ppm
2020-12-05,413.01,ppm
2020-12-06,413.09,ppm
2020-12-07,413.23,ppm
2020-12-08,413.07,ppm
2020-12-09,414.19,ppm
2020-12-10,413.92,ppm
2020-12-11,413.83,ppm
2020-12-12,413.87,ppm
2020-12-13,413.75,ppm
2020-12-14,413.56,ppm
2020-12-15,413.7,ppm
2020-12-16,414.2,ppm
2020-12-17,414.43,ppm
2020-12-18,414.3,ppm
2020-12-19,414.97,ppm
2020-12-20,414.89,ppm
2020-12-21,414.98,ppm
2020-12-22,414.32,ppm
2020-12-23,415.05,ppm
2020-12-24,414.88,ppm
2020-12-25,414.78,ppm
2020-12-27,415.2,ppm
2020-12-28,415.15,ppm
2020-12-29,414.85,ppm
2020-12-30,415.45,ppm
2020-12-31,415.37,ppm
2021-01-01,415.75,ppm
2021-01-02,415.36,ppm
2021-01-03,415.68,ppm
2021-01-04,415.56,ppm
2021-01-05,415.16,ppm
2021-01-06,415.45,ppm
2021-01-07,415.47,ppm
2021-01-08,415.2,ppm
2021-01-09,414.98,ppm
2021-01-10,415.05,ppm
2021-01-11,415.14,ppm
2021-01-12,415.02,ppm
2021-01-13,414.96,ppm
2021-01-14,415.05,ppm
2021-01-17,414.68,ppm
2021-01-18,415.31,ppm
2021-01-19,415.31,ppm
2021-01-20,415.02,ppm
2021-01-21,415.48,ppm
2021-01-22,415.57,ppm
2021-01-23,416.37,ppm
2021-01-24,416.74,ppm
2021-01-25,415.92,ppm
2021-01-26,415.67,ppm
2021-01-27,415.46,ppm
2021-01-28,415.88,ppm
2021-01-29,416.04,ppm
2021-01-30,416.16,ppm
2021-01-31,415.72,ppm
2021-02-01,415.65,ppm
2021-02-02,415.79,ppm
2021-02-03,415.94,ppm
2021-02-04,419.33,ppm
2021-02-05,419.42,ppm
2021-02-06,417.8,ppm
2021-02-07,416.45,ppm
2021-02-08,416.0,ppm
2021-02-09,416.47,ppm
2021-02-10,417.76,ppm
2021-02-11,417.3,ppm
2021-02-12,417.28,ppm
2021-02-13,417.0,ppm
2021-02-14,416.19,ppm
2021-02-15,416.19,ppm
2021-02-16,416.07,ppm
2021-02-17,416.06,ppm
2021-02-18,417.51,ppm
2021-02-19,416.91,ppm
2021-02-20,416.43,ppm
2021-02-21,416.13,ppm
2021-02-22,416.37,ppm
2021-02-23,416.3,ppm
2021-02-24,416.27,ppm
2021-02-25,416.11,ppm
2021-02-26,416.3,ppm
2021-02-27,416.48,ppm
2021-02-28,416.64,ppm
2021-03-01,417.81,ppm
2021-03-02,417.94,ppm
2021-03-03,418.27,ppm
2021-03-04,418.2,ppm
2021-03-05,418.18,ppm
2021-03-06,418.5,ppm
2021-03-07,418.13,ppm
2021-03-08,417.8,ppm
2021-03-09,416.4,ppm
2021-03-10,416.5,ppm
2021-03-11,416.64,ppm
2021-03-12,416.24,ppm
2021-03-13,416.67,ppm
2021-03-14,416.96,ppm
2021-03-15,417.66,ppm
2021-03-16,417.28,ppm
2021-03-17,417.22,ppm
2021-03-18,418.15,ppm
2021-03-19,418.39,ppm
2021-03-20,418.63,ppm
2021-03-21,418.02,ppm
2021-03-22,417.36,ppm
2021-03-23,418.91,ppm
2021-03-25,416.27,ppm
2021-03-26,417.47,ppm
2021-03-27,418.06,ppm
2021-03-30,416.91,ppm
2021-03-31,417.37,ppm
2021-04-01,417.53,ppm
2021-04-02,416.94,ppm
2021-04-03,421.17,ppm
2021-04-05,418.67,ppm
2021-04-06,418.61,ppm
2021-04-07,418.43,ppm
2021-04-08,421.32,ppm
2021-04-09,419.29,ppm
2021-04-10,419.14,ppm
2021-04-11,419.86,ppm
2021-04-12,419.47,ppm
2021-04-14,418.7,ppm
2021-04-15,418.26,ppm
2021-04-16,418.44,ppm
2021-04-18,418.07,ppm
2021-04-20,417.09,ppm
2021-04-22,418.53,ppm
2021-04-23,418.74,ppm
2021-04-24,418.37,ppm
2021-04-26,419.97,ppm
2021-04-27,419.45,ppm
2021-04-28,419.71,ppm
2021-04-29,419.82,ppm
2021-04-30,420.5,ppm
2021-05-01,420.38,ppm
2021-05-02,419.91,ppm
2021-05-03,419.71,ppm
2021-05-04,420.08,ppm
2021-05-05,420.1,ppm
2021-05-07,418.45,ppm
2021-05-08,418.69,ppm
2021-05-09,417.77,ppm
2021-05-10,418.36,ppm
2021-05-11,418.47,ppm
2021-05-13,417.99,ppm
2021-05-14,418.56,ppm
2021-05-15,419.54,ppm
2021-05-16,419.38,ppm
2021-05-17,419.81,ppm
2021-05-18,419.88,ppm
2021-05-19,419.79,ppm
2021-05-20,418.83,ppm
2021-05-21,417.91,ppm
2021-05-22,417.73,ppm
2021-05-23,417.84,ppm
2021-05-24,417.78,ppm
2021-05-25,418.87,ppm
2021-05-26,418.73,ppm
2021-05-27,419.49,ppm
2021-05-28,420.61,ppm
2021-05-30,419.93,ppm
2021-05-31,419.86,ppm
2021-06-01,417.01,ppm
2021-06-02,420.4,ppm
2021-06-03,420.08,ppm
2021-06-04,419.69,ppm
2021-06-05,419.6,ppm
2021-06-06,419.72,ppm
2021-06-07,419.75,ppm
2021-06-08,419.88,ppm
2021-06-09,419.44,ppm
2021-06-10,419.5,ppm
2021-06-11,419.34,ppm
2021-06-12,418.63,ppm
2021-06-13,418.91,ppm
2021-06-14,418.94,ppm
2021-06-15,419.44,ppm
2021-06-16,419.18,ppm
2021-06-17,418.65,ppm
2021-06-18,419.02,ppm
2021-06-19,419.05,ppm
2021-06-20,419.14,ppm
2021-06-21,419.16,ppm
2021-06-22,418.14,ppm
2021-06-23,418.98,ppm
2021-06-25,417.58,ppm
2021-06-26,417.62,ppm
2021-06-27,418.25,ppm
2021-06-28,418.04,ppm
2021-06-29,417.77,ppm
2021-06-30,418.52,ppm
2021-07-01,418.29,ppm
2021-07-02,418.21,ppm
2021-07-03,417.17,ppm
2021-07-04,417.61,ppm
2021-07-05,418.41,ppm
2021-07-06,417.64,ppm
2021-07-07,417.62,ppm
2021-07-08,417.86,ppm
2021-07-09,415.82,ppm
2021-07-10,417.04,ppm
2021-07-11,416.92,ppm
2021-07-12,416.69,ppm
2021-07-13,417.57,ppm
2021-07-14,417.51,ppm
2021-07-15,417.36,ppm
2021-07-16,417.46,ppm
2021-07-17,418.83,ppm
2021-07-18,417.51,ppm
2021-07-19,417.13,ppm
2021-07-20,417.03,ppm
2021-07-21,417.05,ppm
2021-07-22,416.13,ppm
2021-07-23,416.05,ppm
2021-07-24,416.04,ppm
2021-07-25,416.31,ppm
2021-07-26,415.36,ppm
2021-07-27,416.24,ppm
2021-07-28,414.1,ppm
2021-07-29,415.34,ppm
2021-07-30,415.83,ppm
2021-07-31,415.69,ppm
2021-08-01,415.37,ppm
2021-08-02,413.56,ppm
2021-08-03,415.02,ppm
2021-08-04,415.13,ppm
2021-08-05,415.51,ppm
2021-08-06,415.16,ppm
2021-08-07,415.0,ppm
2021-08-08,414.33,ppm
2021-08-10,414.36,ppm
2021-08-12,414.74,ppm
2021-08-13,414.46,ppm
2021-08-14,414.7,ppm
2021-08-15,414.88,ppm
2021-08-16,414.93,ppm
2021-08-17,415.05,ppm
2021-08-18,414.94,ppm
2021-08-19,415.02,ppm
2021-08-20,414.71,ppm
2021-08-21,414.65,ppm
2021-08-22,414.79,ppm
2021-08-23,414.43,ppm
2021-08-24,413.97,ppm
2021-08-25,413.95,ppm
2021-08-28,411.8,ppm
2021-08-31,412.57,ppm
2021-09-01,412.94,ppm
2021-09-03,413.87,ppm
2021-09-04,413.4,ppm
2021-09-05,413.13,ppm
2021-09-06,413.2,ppm
2021-09-07,413.55,ppm
2021-09-08,413.42,ppm
2021-09-09,413.79,ppm
2021-09-10,413.19,ppm
2021-09-11,413.03,ppm
2021-09-13,413.63,ppm
2021-09-14,413.14,ppm
2021-09-15,412.52,ppm
2021-09-16,412.9,ppm
2021-09-17,413.02,ppm
2021-09-18,413.17,ppm
2021-09-19,413.29,ppm
2021-09-20,413.4,ppm
2021-09-21,413.4,ppm
2021-09-22,413.39,ppm
2021-09-23,413.32,ppm
2021-09-24,413.05,ppm
2021-09-25,413.05,ppm
2021-09-26,413.05,ppm
2021-09-27,413.12,ppm
2021-09-28,413.53,ppm
2021-09-29,413.56,ppm
2021-10-01,413.38,ppm
2021-10-02,413.35,ppm
2021-10-03,413.39,ppm
2021-10-04,413.44,ppm
2021-10-05,413.38,ppm
2021-10-06,413.79,ppm
2021-10-07,413.56,ppm
2021-10-08,413.52,ppm
2021-10-09,414.16,ppm
2021-10-10,413.84,ppm
2021-10-11,413.75,ppm
2021-10-12,413.54,ppm
2021-10-13,413.87,ppm
2021-10-14,413.76,ppm
2021-10-15,413.77,ppm
2021-10-16,414.48,ppm
2021-10-17,414.55,ppm
2021-10-18,414.31,ppm
2021-10-19,414.19,ppm
2021-10-20,414.28,ppm
2021-10-21,413.64,ppm
2021-10-22,415.03,ppm
2021-10-23,414.27,ppm
2021-10-25,414.16,ppm
2021-10-26,413.85,ppm
2021-10-27,413.75,ppm
2021-10-28,413.72,ppm
2021-10-29,413.86,ppm
2021-10-30,413.86,ppm
2021-11-01,413.74,ppm
2021-11-02,413.93,ppm
2021-11-03,414.33,ppm
2021-11-04,414.24,ppm
2021-11-05,414.28,ppm
2021-11-06,414.32,ppm
2021-11-07,414.72,ppm
2021-11-08,414.92,ppm
2021-11-09,414.46,ppm
2021-11-10,414.88,ppm
2021-11-11,415.22,ppm
2021-11-12,415.69,ppm
2021-11-13,414.63,ppm
2021-11-14,414.59,ppm
2021-11-15,414.54,ppm
2021-11-16,414.75,ppm
2021-11-17,414.99,ppm
2021-11-18,414.76,ppm
2021-11-19,415.04,ppm
2021-11-20,415.23,ppm
2021-11-21,415.28,ppm
2021-11-22,415.1,ppm
2021-11-23,415.23,ppm
2021-11-24,415.36,ppm
2021-11-25,415.49,ppm
2021-11-26,415.37,ppm
2021-11-27,415.45,ppm
2021-11-28,415.63,ppm
2021-11-29,416.55,ppm
2021-11-30,416.5,ppm
2021-12-01,415.96,ppm
2021-12-02,416.08,ppm
2021-12-03,415.74,ppm
2021-12-04,416.41,ppm
2021-12-05,416.11,ppm
2021-12-06,415.42,ppm
2021-12-09,416.06,ppm
2021-12-10,415.91,ppm
2021-12-11,415.64,ppm
2021-12-12,416.11,ppm
2021-12-13,415.83,ppm
2021-12-14,416.85,ppm
2021-12-15,416.82,ppm
2021-12-16,416.63,ppm
2021-12-17,416.28,ppm
2021-12-18,416.38,ppm
2021-12-19,416.83,ppm
2021-12-20,417.18,ppm
2021-12-21,416.96,ppm
2021-12-23,417.92,ppm
2021-12-24,418.4,ppm
2021-12-25,417.4,ppm
2021-12-26,416.94,ppm
2021-12-27,417.2,ppm
2021-12-28,417.92,ppm
2021-12-29,417.98,ppm
2021-12-30,417.07,ppm
2021-12-31,417.12,ppm
2022-01-01,417.68,ppm
2022-01-02,417.74,ppm
2022-01-03,417.25,ppm
2022-01-04,417.25,ppm
2022-01-05,417.94,ppm
2022-01-06,417.56,ppm
2022-01-07,416.85,ppm
2022-01-08,416.97,ppm
2022-01-09,417.77,ppm
2022-01-10,417.86,ppm
2022-01-11,417.57,ppm
2022-01-12,418.13,ppm
2022-01-13,418.89,ppm
2022-01-14,419.04,ppm
2022-01-15,418.72,ppm
2022-01-16,418.19,ppm
2022-01-17,417.76,ppm
2022-01-18,417.26,ppm
2022-01-19,417.29,ppm
2022-01-20,417.42,ppm
2022-01-21,417.69,ppm
2022-01-22,417.47,ppm
2022-01-23,418.92,ppm
2022-01-24,419.76,ppm
2022-01-25,419.15,ppm
2022-01-26,420.48,ppm
2022-01-27,418.05,ppm
2022-01-28,418.19,ppm
2022-01-30,419.37,ppm
2022-01-31,419.23,ppm
2022-02-01,419.09,ppm
2022-02-02,419.28,ppm
2022-02-03,419.34,ppm
2022-02-04,418.99,ppm
2022-02-05,418.74,ppm
2022-02-06,418.46,ppm
2022-02-07,418.45,ppm
2022-02-08,419.29,ppm
2022-02-09,418.65,ppm
2022-02-11,417.59,ppm
2022-02-12,417.6,ppm
2022-02-13,420.79,ppm
2022-02-14,421.54,ppm
2022-02-15,419.83,ppm
2022-02-16,419.14,ppm
2022-02-17,419.01,ppm
2022-02-18,419.15,ppm
2022-02-19,418.72,ppm
2022-02-20,418.71,ppm
2022-02-21,418.52,ppm
2022-02-22,419.22,ppm
2022-02-23,420.26,ppm
2022-02-24,420.8,ppm
2022-02-25,420.32,ppm
2022-02-26,419.18,ppm
2022-02-27,419.58,ppm
2022-02-28,419.23,ppm
2022-03-01,419.47,ppm
2022-03-02,418.99,ppm
2022-03-03,419.02,ppm
2022-03-04,418.7,ppm
2022-03-05,419.12,ppm
2022-03-06,417.92,ppm
2022-03-07,417.84,ppm
2022-03-08,418.07,ppm
2022-03-09,418.0,ppm
2022-03-10,418.9,ppm
2022-03-11,419.46,ppm
2022-03-12,419.1,ppm
2022-03-13,418.64,ppm
2022-03-14,418.29,ppm
2022-03-15,418.04,ppm
2022-03-17,418.91,ppm
2022-03-18,417.86,ppm
2022-03-19,418.07,ppm
2022-03-20,417.9,ppm
2022-03-21,417.8,ppm
2022-03-22,417.79,ppm
2022-03-23,417.98,ppm
2022-03-24,417.93,ppm
2022-03-25,417.93,ppm
2022-03-26,419.6,ppm
2022-03-27,420.95,ppm
2022-03-28,419.84,ppm
2022-03-29,420.44,ppm
2022-03-30,420.09,ppm
2022-03-31,420.15,ppm
2022-04-01,419.97,ppm
2022-04-02,420.82,ppm
2022-04-03,420.59,ppm
2022-04-04,420.1,ppm
2022-04-05,419.68,ppm
2022-04-06,419.13,ppm
2022-04-07,420.81,ppm
2022-04-08,420.61,ppm
2022-04-11,418.77,ppm
2022-04-12,418.94,ppm
2022-04-13,420.66,ppm
2022-04-14,420.38,ppm
2022-04-15,420.52,ppm
2022-04-16,421.4,ppm
2022-04-17,421.04,ppm
2022-04-18,420.91,ppm
2022-04-19,420.92,ppm
2022-04-20,420.61,ppm
2022-04-21,420.42,ppm
2022-04-22,419.08,ppm
2022-04-23,419.36,ppm
2022-04-24,420.46,ppm
2022-04-25,420.74,ppm
2022-04-26,422.01,ppm
2022-04-27,419.51,ppm
2022-04-28,419.11,ppm
2022-04-29,419.81,ppm
2022-04-30,419.36,ppm
2022-05-01,419.75,ppm
2022-05-02,420.94,ppm
2022-05-03,420.43,ppm
2022-05-04,421.28,ppm
2022-05-05,419.63,ppm
2022-05-06,419.56,ppm
2022-05-07,419.33,ppm
2022-05-08,419.77,ppm
2022-05-09,419.31,ppm
2022-05-10,421.08,ppm
2022-05-11,421.66,ppm
2022-05-12,421.81,ppm
2022-05-13,421.89,ppm
2022-05-14,421.99,ppm
2022-05-15,421.8,ppm
2022-05-16,421.67,ppm
2022-05-17,421.59,ppm
2022-05-18,420.11,ppm
2022-05-19,420.24,ppm
2022-05-20,420.64,ppm
2022-05-21,420.36,ppm
2022-05-22,420.77,ppm
2022-05-23,421.67,ppm
2022-05-24,421.22,ppm
2022-05-25,421.51,ppm
2022-05-26,421.32,ppm
2022-05-27,421.93,ppm
2022-05-28,421.69,ppm
2022-05-29,421.69,ppm
2022-05-30,421.52,ppm
2022-05-31,421.78,ppm
2022-06-01,421.88,ppm
2022-06-02,421.58,ppm
2022-06-03,421.52,ppm
2022-06-04,421.09,ppm
2022-06-06,421.5,ppm
2022-06-07,421.37,ppm
2022-06-08,421.35,ppm
2022-06-09,421.29,ppm
2022-06-10,420.88,ppm
2022-06-11,421.14,ppm
2022-06-12,420.95,ppm
2022-06-13,421.05,ppm
2022-06-14,421.66,ppm
2022-06-15,420.53,ppm
2022-06-16,420.68,ppm
2022-06-18,421.02,ppm
2022-06-19,421.11,ppm
2022-06-20,420.59,ppm
2022-06-21,420.87,ppm
2022-06-22,420.68,ppm
2022-06-23,420.82,ppm
2022-06-24,420.76,ppm
2022-06-25,420.94,ppm
2022-06-26,420.05,ppm
2022-06-27,420.1,ppm
2022-06-28,420.51,ppm
2022-06-29,419.65,ppm
2022-06-30,420.46,ppm
2022-07-01,420.53,ppm
2022-07-02,420.51,ppm
2022-07-03,420.17,ppm
2022-07-04,419.94,ppm
2022-07-05,420.05,ppm
2022-07-07,419.7,ppm
2022-07-08,419.12,ppm
2022-07-09,419.15,ppm
2022-07-10,419.31,ppm
2022-07-11,419.03,ppm
2022-07-13,419.27,ppm
2022-07-14,419.12,ppm
2022-07-15,419.21,ppm
2022-07-16,418.24,ppm
2022-07-17,418.77,ppm
2022-07-18,418.99,ppm
2022-07-19,418.02,ppm
2022-07-20,419.09,ppm
2022-07-22,417.05,ppm
2022-07-23,418.38,ppm
2022-07-25,418.62,ppm
2022-07-26,418.64,ppm
2022-07-27,418.33,ppm
2022-07-28,416.45,ppm
2022-07-29,417.78,ppm
2022-07-30,417.0,ppm
2022-07-31,418.51,ppm
2022-08-01,418.46,ppm
2022-08-02,418.41,ppm
2022-08-03,417.72,ppm
2022-08-04,418.19,ppm
2022-08-05,418.4,ppm
2022-08-06,417.34,ppm
2022-08-07,417.82,ppm
2022-08-09,417.27,ppm
2022-08-10,417.41,ppm
2022-08-11,417.2,ppm
2022-08-12,417.1,ppm
2022-08-13,416.93,ppm
2022-08-14,417.35,ppm
2022-08-15,417.57,ppm
2022-08-16,417.54,ppm
2022-08-18,417.0,ppm
2022-08-19,417.09,ppm
2022-08-20,416.76,ppm
2022-08-21,416.31,ppm
2022-08-23,416.81,ppm
2022-08-24,416.5,ppm
2022-08-25,416.8,ppm
2022-08-26,416.69,ppm
2022-08-27,416.02,ppm
2022-08-29,416.27,ppm
2022-08-30,416.23,ppm
2022-08-31,416.61,ppm
2022-09-01,416.8,ppm
2022-09-02,416.57,ppm
2022-09-04,416.64,ppm
2022-09-05,416.4,ppm
2022-09-06,416.19,ppm
2022-09-07,415.98,ppm
2022-09-08,416.16,ppm
2022-09-09,416.22,ppm
2022-09-10,416.41,ppm
2022-09-12,415.96,ppm
2022-09-13,416.13,ppm
2022-09-14,416.08,ppm
2022-09-15,416.25,ppm
2022-09-16,416.1,ppm
2022-09-17,415.5,ppm
2022-09-18,415.95,ppm
2022-09-19,416.15,ppm
2022-09-20,416.27,ppm
2022-09-21,416.26,ppm
2022-09-22,414.69,ppm
2022-09-23,414.76,ppm
2022-09-24,414.56,ppm
2022-09-25,415.65,ppm
2022-09-26,415.31,ppm
2022-09-27,415.18,ppm
2022-09-28,415.33,ppm
2022-09-29,415.74,ppm
2022-09-30,415.62,ppm
2022-10-01,415.85,ppm
2022-10-02,415.56,ppm
2022-10-03,415.2,ppm
2022-10-04,415.11,ppm
2022-10-05,414.85,ppm
2022-10-06,415.16,ppm
2022-10-07,415.38,ppm
2022-10-08,415.29,ppm
2022-10-09,415.27,ppm
2022-10-10,415.43,ppm
2022-10-11,415.25,ppm
2022-10-12,415.29,ppm
2022-10-13,415.48,ppm
2022-10-14,415.72,ppm
2022-10-15,415.81,ppm
2022-10-16,416.06,ppm
2022-10-17,415.57,ppm
2022-10-18,415.61,ppm
2022-10-19,415.69,ppm
2022-10-20,415.97,ppm
2022-10-21,416.03,ppm
2022-10-22,415.97,ppm
2022-10-23,416.02,ppm
2022-10-24,416.33,ppm
2022-10-25,415.63,ppm
2022-10-26,416.1,ppm
2022-10-27,416.98,ppm
2022-10-28,416.29,ppm
2022-10-29,416.48,ppm
2022-10-31,416.33,ppm
2022-11-01,416.1,ppm
2022-11-02,416.38,ppm
2022-11-03,416.63,ppm
2022-11-04,416.51,ppm
2022-11-08,416.6,ppm
2022-11-09,416.62,ppm
2022-11-10,416.88,ppm
2022-11-11,417.91,ppm
2022-11-12,417.68,ppm
2022-11-13,416.87,ppm
2022-11-14,417.89,ppm
2022-11-15,416.98,ppm
2022-11-16,416.9,ppm
2022-11-17,417.32,ppm
2022-11-18,417.5,ppm
2022-11-19,417.32,ppm
2022-11-20,418.03,ppm
2022-11-21,418.42,ppm
2022-11-22,418.51,ppm
2022-11-23,418.77,ppm
2022-11-24,418.88,ppm
2022-11-25,418.72,ppm
2022-11-26,418.06,ppm
2022-11-27,418.11,ppm
2022-11-28,417.26,ppm
2023-07-08,422.15,ppm
2023-07-09,422.64,ppm
2023-07-10,422.72,ppm
2023-07-13,421.99,ppm
2023-07-14,422.35,ppm
2023-07-15,422.03,ppm
2023-07-16,422.13,ppm
2023-07-17,421.24,ppm
2023-07-19,420.56,ppm
2023-07-20,420.47,ppm
2023-07-21,422.29,ppm
2023-07-24,421.51,ppm
2023-07-26,421.15,ppm
2023-07-27,421.09,ppm
2023-07-28,421.37,ppm
2023-07-30,420.75,ppm
2023-07-31,421.11,ppm
2023-08-01,420.88,ppm
2023-08-02,420.87,ppm
2023-08-03,420.9,ppm
2023-08-04,420.45,ppm
2023-08-07,419.77,ppm
2023-08-08,419.77,ppm
2023-08-09,420.56,ppm
2023-08-10,420.51,ppm
2023-08-11,420.19,ppm
2023-08-12,419.33,ppm
2023-08-15,418.47,ppm
2023-08-17,419.23,ppm
2023-08-18,419.1,ppm
2023-08-19,419.13,ppm
2023-08-20,419.76,ppm
2023-08-24,418.85,ppm
2023-08-27,419.38,ppm
2023-08-28,419.55,ppm
2023-08-29,419.38,ppm
2023-08-30,418.88,ppm
2023-08-31,419.18,ppm
2023-09-05,418.84,ppm
2023-09-06,418.65,ppm
2023-09-07,418.49,ppm
2023-09-08,418.58,ppm
2023-09-12,418.36,ppm
2023-09-13,418.69,ppm
2023-09-17,418.72,ppm
2023-09-19,418.86,ppm
2023-09-20,418.58,ppm
2023-09-21,417.6,ppm
2023-09-22,417.88,ppm
2023-09-24,418.01,ppm
2023-09-25,418.21,ppm
2023-09-26,418.65,ppm
2023-09-27,418.3,ppm
2023-09-28,418.2,ppm
2023-09-29,418.3,ppm
2023-09-30,418.38,ppm
2023-10-01,418.15,ppm
2023-10-02,418.37,ppm
2023-10-04,418.56,ppm
2023-10-05,418.25,ppm
2023-10-06,418.36,ppm
2023-10-07,418.19,ppm
2023-10-08,418.53,ppm
2023-10-09,418.33,ppm
2023-10-10,418.21,ppm
2023-10-12,418.93,ppm
2023-10-13,418.66,ppm
2023-10-15,419.81,ppm
2023-10-16,419.53,ppm
2023-10-17,419.66,ppm
2023-10-18,419.37,ppm
2023-10-19,419.44,ppm
2023-10-20,419.53,ppm
2023-10-21,418.9,ppm
2023-10-23,419.09,ppm
2023-10-24,418.88,ppm
2023-10-25,418.92,ppm
2023-10-26,418.87,ppm
2023-10-27,418.84,ppm
2023-10-28,418.84,ppm
2023-10-29,418.84,ppm
2023-10-30,418.55,ppm
2023-10-31,418.94,ppm
2023-11-01,418.84,ppm
2023-11-02,418.98,ppm
2023-11-03,419.28,ppm
2023-11-04,419.89,ppm
2023-11-05,419.29,ppm
2023-11-06,419.28,ppm
2023-11-07,419.18,ppm
2023-11-09,419.2,ppm
2023-11-10,419.44,ppm
2023-11-12,419.55,ppm
2023-11-13,419.42,ppm
2023-11-15,421.52,ppm
2023-11-16,422.07,ppm
2023-11-17,422.43,ppm
2023-11-18,422.36,ppm
2023-11-20,421.01,ppm
2023-11-21,420.61,ppm
2023-11-22,421.56,ppm
2023-11-23,421.38,ppm
2023-11-24,421.47,ppm
2023-11-28,420.59,ppm
2023-12-01,420.04,ppm
2023-12-07,420.74,ppm
2023-12-09,421.31,ppm
2023-12-10,421.56,ppm
2023-12-11,421.66,ppm
2023-12-12,421.99,ppm
2023-12-13,421.78,ppm
2023-12-14,421.8,ppm
2023-12-15,423.38,ppm
2023-12-16,423.21,ppm
2023-12-17,422.67,ppm
2023-12-18,422.38,ppm
2023-12-19,422.03,ppm
2023-12-20,422.09,ppm
2023-12-21,422.02,ppm
2023-12-26,421.51,ppm
2023-12-27,422.24,ppm
2023-12-28,421.55,ppm
2023-12-29,421.68,ppm
2023-12-30,422.33,ppm
2024-01-01,422.23,ppm
2024-01-02,422.37,ppm
2024-01-05,422.61,ppm
2024-01-06,422.86,ppm
2024-01-08,423.31,ppm
2024-01-09,423.16,ppm
2024-01-10,423.22,ppm
2024-01-11,422.78,ppm
2024-01-13,424.96,ppm
2024-01-14,422.85,ppm
2024-01-15,422.36,ppm
2024-01-16,422.83,ppm
2024-01-17,423.3,ppm
2024-01-18,422.83,ppm
2024-01-19,422.8,ppm
2024-01-20,422.89,ppm
2024-01-21,422.77,ppm
2024-01-22,422.87,ppm
2024-01-23,422.65,ppm
2024-01-24,422.85,ppm
2024-01-25,422.58,ppm
2024-01-26,423.57,ppm
2024-01-27,422.71,ppm
2024-01-28,422.37,ppm
2024-01-29,422.24,ppm
2024-01-30,422.33,ppm
2024-01-31,422.31,ppm
2024-02-01,422.21,ppm
2024-02-02,422.21,ppm
2024-02-04,426.21,ppm
2024-02-06,425.89,ppm
2024-02-07,425.6,ppm
2024-02-08,425.6,ppm
2024-02-10,425.87,ppm
2024-02-11,424.82,ppm
2024-02-12,423.87,ppm
2024-02-13,424.2,ppm
2024-02-14,422.79,ppm
2024-02-15,422.91,ppm
2024-02-16,423.1,ppm
2024-02-17,423.1,ppm
2024-02-20,425.27,ppm
2024-02-21,425.28,ppm
2024-02-24,425.08,ppm
2024-02-25,425.17,ppm
2024-02-26,425.48,ppm
2024-02-27,425.24,ppm
2024-02-28,425.38,ppm
2024-02-29,425.25,ppm
2024-03-01,424.92,ppm
2024-03-02,424.47,ppm
2024-03-04,424.81,ppm
2024-03-07,425.36,ppm
2024-03-08,426.1,ppm
2024-03-09,425.54,ppm
2024-03-10,425.1,ppm
2024-03-11,424.95,ppm
2024-03-13,424.52,ppm
2024-03-14,425.56,ppm
2024-03-15,427.93,ppm
2024-03-16,426.36,ppm
2024-03-17,423.96,ppm
2024-03-18,426.02,ppm
2024-03-19,424.06,ppm
2024-03-21,426.44,ppm
2024-03-22,425.48,ppm
2024-03-23,426.26,ppm
2024-03-24,426.35,ppm
2024-03-27,423.88,ppm
2024-03-28,425.16,ppm
2024-03-29,424.75,ppm
2024-04-05,426.71,ppm
2024-04-06,425.99,ppm
2024-04-07,426.25,ppm
2024-04-08,425.67,ppm
2024-04-10,427.35,ppm
2024-04-11,425.41,ppm
2024-04-12,424.8,ppm
2024-04-13,425.7,ppm
2024-04-14,425.27,ppm
2024-04-15,424.92,ppm
2024-04-17,427.04,ppm
2024-04-18,427.47,ppm
2024-04-19,426.97,ppm
2024-04-20,426.34,ppm
2024-04-21,427.29,ppm
2024-04-22,427.21,ppm
2024-04-24,428.42,ppm
2024-04-25,428.19,ppm
2024-04-26,428.59,ppm
2024-04-28,427.44,ppm
2024-04-29,425.85,ppm
2024-04-30,425.73,ppm
2024-05-01,426.34,ppm
2024-05-02,427.55,ppm
2024-05-04,427.89,ppm
2024-05-05,426.69,ppm
2024-05-06,425.8,ppm
2024-05-07,425.76,ppm
2024-05-08,426.85,ppm
2024-05-09,427.68,ppm
2024-05-10,427.74,ppm
2024-05-11,427.9,ppm
2024-05-12,428.05,ppm
2024-05-13,427.45,ppm
2024-05-14,427.85,ppm
2024-05-15,427.45,ppm
2024-05-16,426.95,ppm
2024-05-17,425.82,ppm
2024-05-18,425.63,ppm
2024-05-19,426.26,ppm
2024-05-20,426.28,ppm
2024-05-21,427.69,ppm
2024-05-22,426.23,ppm
2024-05-24,426.55,ppm
2024-05-25,426.81,ppm
2024-05-26,427.09,ppm
2024-05-27,426.65,ppm
2024-05-28,427.04,ppm
2024-05-29,426.03,ppm
2024-05-30,426.13,ppm
2024-05-31,427.82,ppm
2024-06-01,427.43,ppm
2024-06-04,427.48,ppm
2024-06-07,426.68,ppm
2024-06-08,427.02,ppm
2024-06-09,427.64,ppm
2024-06-10,427.59,ppm
2024-06-12,426.84,ppm
2024-06-13,426.9,ppm
2024-06-14,427.53,ppm
2024-06-15,427.51,ppm
2024-06-17,426.83,ppm
2024-06-20,427.18,ppm
2024-06-21,425.89,ppm
2024-06-22,427.0,ppm
2024-06-23,426.64,ppm
2024-06-24,427.33,ppm
2024-06-25,426.95,ppm
2024-06-28,426.8,ppm
2024-06-29,424.65,ppm
2024-06-30,425.38,ppm
2024-07-01,425.74,ppm
2024-07-02,425.23,ppm
2024-07-03,425.61,ppm
2024-07-04,426.19,ppm
2024-07-06,425.5,ppm
2024-07-07,425.39,ppm
2024-07-08,425.76,ppm
2024-07-09,425.81,ppm
2024-07-10,427.13,ppm
2024-07-11,426.61,ppm
2024-07-12,425.66,ppm
2024-07-13,427.37,ppm
2024-07-14,426.55,ppm
2024-07-15,426.46,ppm
2024-07-16,425.79,ppm
2024-07-18,424.83,ppm
2024-07-20,426.11,ppm
2024-07-21,425.2,ppm
2024-07-23,424.47,ppm
2024-07-24,424.7,ppm
2024-07-25,425.1,ppm
2024-07-26,424.52,ppm
2024-07-29,425.21,ppm
2024-07-31,424.83,ppm
2024-08-02,424.76,ppm
2024-08-03,424.74,ppm
2024-08-04,424.39,ppm
2024-08-05,424.57,ppm
2024-08-06,424.63,ppm
2024-08-07,424.66,ppm
2024-08-08,424.56,ppm
2024-08-09,422.26,ppm
2024-08-13,421.19,ppm
2024-08-14,422.66,ppm
2024-08-17,423.41,ppm
2024-08-18,423.01,ppm
2024-08-19,422.89,ppm
2024-08-21,423.27,ppm
2024-08-22,423.16,ppm
2024-08-23,422.24,ppm
2024-08-24,422.4,ppm
2024-08-25,421.72,ppm
2024-08-26,422.49,ppm
2024-08-28,418.42,ppm
2024-08-30,421.83,ppm
2024-08-31,422.35,ppm
2024-09-02,422.74,ppm
2024-09-03,422.78,ppm
2024-09-05,421.4,ppm
2024-09-06,422.1,ppm
2024-09-07,422.64,ppm
2024-09-08,422.4,ppm
2024-09-10,421.75,ppm
2024-09-14,422.04,ppm
2024-09-15,422.13,ppm
2024-09-16,421.9,ppm
2024-09-17,421.88,ppm
2024-09-18,422.03,ppm
2024-09-19,421.73,ppm
2024-09-20,421.99,ppm
2024-09-21,422.19,ppm
2024-09-26,421.63,ppm
2024-09-27,421.79,ppm
2024-09-30,421.95,ppm
2024-10-03,421.88,ppm
2024-10-04,422.27,ppm
2024-10-05,421.69,ppm
2024-10-06,422.27,ppm
2024-10-07,422.0,ppm
2024-10-11,422.25,ppm
2024-10-12,422.11,ppm
2024-10-13,422.51,ppm
2024-10-14,423.09,ppm
2024-10-15,422.46,ppm
2024-10-16,422.54,ppm
2024-10-18,422.51,ppm
2024-10-20,422.37,ppm
2024-10-21,422.21,ppm
2024-10-22,422.02,ppm
2024-10-23,422.09,ppm
2024-10-24,422.14,ppm
2024-10-27,422.87,ppm
2024-10-28,422.72,ppm
2024-10-29,422.58,ppm
2024-10-30,422.9,ppm
2024-10-31,423.7,ppm
2024-11-01,424.07,ppm
2024-11-02,423.22,ppm
2024-11-05,422.91,ppm
2024-11-06,423.0,ppm
2024-11-07,423.61,ppm
2024-11-08,423.61,ppm
2024-11-09,423.58,ppm
2024-11-10,423.57,ppm
2024-11-11,423.16,ppm
2024-11-12,423.34,ppm
2024-11-13,423.52,ppm
2024-11-15,423.96,ppm
2024-11-16,424.05,ppm
2024-11-17,423.63,ppm
2024-11-20,423.71,ppm
2024-11-21,424.37,ppm
2024-11-22,424.09,ppm
2024-11-23,423.98,ppm
2024-11-24,424.48,ppm
2024-11-25,424.48,ppm
2024-11-27,424.3,ppm
2024-11-28,424.43,ppm
2024-11-29,424.88,ppm
2024-11-30,424.95,ppm
2024-12-01,425.1,ppm
2024-12-02,424.61,ppm
2024-12-03,424.94,ppm
2024-12-05,424.81,ppm
2024-12-06,424.64,ppm
2024-12-07,425.58,ppm
2024-12-08,425.26,ppm
2024-12-09,425.05,ppm
2024-12-10,425.88,ppm
2024-12-11,427.85,ppm
2024-12-12,424.97,ppm
2024-12-13,424.86,ppm
2024-12-14,425.85,ppm
2024-12-15,425.06,ppm
2024-12-17,424.34,ppm
2024-12-18,424.61,ppm
2024-12-19,425.04,ppm
2024-12-20,425.76,ppm
2024-12-22,425.7,ppm
2024-12-23,425.49,ppm
2024-12-24,425.43,ppm
2024-12-25,425.6,ppm
2024-12-26,425.95,ppm
2024-12-27,425.53,ppm
2024-12-28,425.43,ppm
2024-12-29,425.33,ppm
2024-12-30,425.72,ppm
2024-12-31,427.16,ppm
2025-01-01,425.94,ppm
2025-01-02,426.27,ppm
2025-01-03,426.13,ppm
2025-01-04,426.03,ppm
2025-01-05,426.41,ppm
2025-01-06,426.11,ppm
2025-01-07,426.34,ppm
2025-01-08,426.23,ppm
2025-01-09,426.26,ppm
2025-01-10,426.02,ppm
2025-01-11,426.77,ppm
2025-01-12,427.39,ppm
2025-01-14,426.24,ppm
2025-01-15,426.7,ppm
2025-01-16,427.67,ppm
2025-01-17,425.93,ppm
2025-01-18,426.76,ppm
2025-01-19,428.37,ppm
2025-01-20,426.74,ppm
2025-01-21,426.34,ppm
2025-01-22,425.77,ppm
2025-01-23,427.42,ppm
2025-01-24,426.79,ppm
2025-01-25,426.62,ppm
2025-01-27,426.32,ppm
2025-01-28,428.18,ppm
2025-01-29,428.02,ppm
2025-01-30,426.67,ppm
2025-01-31,426.35,ppm
2025-02-01,426.0,ppm
2025-02-02,426.35,ppm
2025-02-03,426.28,ppm
2025-02-04,426.68,ppm
2025-02-05,427.44,ppm
2025-02-06,428.6,ppm
2025-02-07,427.3,ppm
2025-02-08,426.7,ppm
2025-02-09,426.66,ppm
2025-02-11,426.62,ppm
2025-02-12,426.82,ppm
2025-02-13,426.78,ppm
2025-02-14,427.44,ppm
2025-02-18,427.19,ppm
2025-02-19,426.99,ppm
2025-02-20,427.97,ppm
2025-02-21,428.41,ppm
2025-02-22,427.78,ppm
2025-02-23,427.69,ppm
2025-02-24,427.0,ppm
2025-02-25,427.0,ppm
2025-02-26,426.88,ppm
2025-02-27,426.62,ppm
2025-02-28,426.91,ppm
2025-03-01,427.04,ppm
2025-03-02,427.05,ppm
2025-03-03,427.38,ppm
2025-03-04,428.02,ppm
2025-03-05,428.0,ppm
2025-03-06,427.57,ppm
2025-03-07,430.6,ppm
2025-03-08,428.44,ppm
2025-03-09,429.04,ppm
2025-03-10,430.19,ppm
2025-03-11,429.15,ppm
2025-03-14,427.77,ppm
2025-03-15,427.56,ppm
2025-03-16,427.68,ppm
2025-03-17,427.23,ppm
2025-03-19,428.68,ppm
2025-03-20,429.0,ppm
2025-03-22,429.07,ppm
2025-03-23,429.64,ppm
2025-03-24,429.44,ppm
2025-03-25,428.47,ppm
2025-03-26,428.37,ppm
2025-03-27,426.98,ppm
2025-03-28,426.9,ppm
2025-03-29,426.3,ppm
2025-03-30,426.99,ppm
2025-03-31,427.42,ppm
2025-04-01,427.68,ppm
2025-04-04,427.93,ppm
2025-04-05,428.23,ppm
2025-04-06,428.47,ppm
2025-04-07,428.57,ppm
2025-04-08,428.69,ppm
2025-04-09,429.12,ppm
2025-04-11,430.24,ppm
2025-04-12,430.36,ppm
2025-04-13,430.19,ppm
2025-04-14,430.23,ppm
2025-04-15,430.27,ppm
2025-04-16,430.07,ppm
2025-04-17,429.85,ppm
2025-04-19,429.56,ppm
2025-04-20,430.64,ppm
2025-04-21,430.51,ppm
2025-04-22,430.46,ppm
2025-04-26,428.42,ppm
2025-04-27,431.13,ppm
2025-04-28,430.63,ppm
2025-04-29,430.13,ppm
2025-04-30,430.44,ppm
2025-05-01,430.82,ppm
2025-05-02,430.43,ppm
2025-05-03,430.54,ppm
2025-05-04,430.89,ppm
2025-05-06,430.77,ppm
2025-05-07,430.52,ppm
2025-05-08,430.81,ppm
2025-05-09,430.92,ppm
2025-05-10,431.25,ppm
2025-05-14,430.69,ppm
2025-05-15,430.55,ppm
2025-05-16,430.51,ppm
2025-05-19,430.69,ppm
2025-05-20,430.79,ppm
2025-05-21,430.88,ppm
2025-05-22,429.89,ppm
2025-05-23,429.52,ppm
2025-05-24,430.3,ppm
2025-05-25,430.43,ppm
2025-05-26,430.46,ppm
2025-05-27,430.15,ppm
2025-05-28,429.17,ppm
2025-05-29,430.71,ppm
2025-06-01,429.33,ppm
2025-06-02,429.07,ppm
2025-06-03,430.27,ppm
2025-06-04,430.51,ppm
2025-06-05,430.7,ppm
2025-06-06,430.39,ppm
2025-06-07,429.46,ppm
2025-06-08,429.77,ppm
2025-06-09,430.07,ppm
2025-06-10,429.42,ppm
2025-06-11,429.36,ppm
2025-06-12,429.91,ppm
2025-06-13,430.44,ppm
2025-06-14,430.51,ppm
2025-06-15,430.07,ppm
2025-06-16,430.62,ppm
2025-06-17,428.04,ppm
2025-06-18,428.04,ppm
2025-06-19,429.33,ppm
2025-06-21,430.26,ppm
2025-06-22,430.54,ppm
2025-06-23,429.82,ppm
2025-06-24,429.25,ppm
2025-06-25,429.3,ppm
2025-06-27,428.48,ppm
2025-06-28,429.49,ppm
2025-06-30,428.99,ppm
2025-07-01,429.35,ppm
2025-07-02,428.57,ppm
2025-07-03,428.72,ppm
2025-07-04,428.23,ppm
2025-07-05,428.37,ppm
2025-07-06,428.11,ppm
2025-07-07,428.45,ppm
2025-07-08,428.49,ppm
2025-07-09,428.43,ppm
2025-07-10,428.43,ppm
2025-07-11,428.55,ppm
2025-07-16,427.83,ppm
2025-07-17,428.42,ppm
2025-07-18,427.49,ppm
2025-07-19,427.88,ppm
2025-07-20,427.69,ppm
2025-07-22,427.51,ppm
2025-07-23,427.44,ppm
2025-07-24,427.73,ppm
2025-07-25,427.22,ppm
2025-07-28,426.91,ppm
2025-07-29,426.67,ppm
2025-07-30,426.76,ppm
2025-07-31,426.81,ppm
2025-08-01,426.57,ppm
2025-08-02,425.7,ppm
2025-08-03,425.76,ppm
2025-08-04,425.55,ppm
2025-08-05,426.29,ppm
2025-08-06,426.48,ppm
2025-08-07,425.64,ppm
2025-08-08,425.71,ppm
2025-08-09,425.65,ppm
2025-08-12,425.49,ppm
2025-08-13,425.5,ppm
2025-08-14,425.44,ppm
2025-08-15,425.55,ppm
2025-08-16,425.22,ppm
2025-08-17,425.45,ppm
2025-08-18,425.51,ppm
2025-08-19,425.58,ppm
2025-08-20,425.94,ppm
2025-08-21,425.75,ppm
2025-08-22,425.76,ppm
2025-08-23,425.53,ppm
2025-08-26,424.6,ppm
2025-08-27,425.18,ppm
2025-08-28,425.27,ppm
2025-09-01,424.8,ppm
2025-09-03,425.65,ppm
2025-09-04,425.52,ppm
2025-09-05,425.03,ppm
2025-09-06,425.17,ppm
2025-09-07,423.75,ppm
2025-09-11,424.61,ppm
2025-09-12,424.4,ppm
2025-09-13,424.26,ppm
2025-09-14,424.27,ppm
2025-09-17,423.16,ppm
2025-09-18,424.09,ppm
2025-09-19,424.41,ppm
2025-09-20,423.95,ppm
2025-09-21,424.01,ppm
2025-09-23,423.93,ppm
2025-09-24,424.35,ppm
2025-09-25,424.21,ppm
2025-09-26,424.29,ppm
2025-10-08,424.69,ppm
2025-10-11,424.09,ppm
2025-10-12,424.96,ppm
2025-10-13,424.7,ppm
2025-10-14,424.44,ppm
2025-10-15,424.82,ppm
2025-10-17,425.1,ppm
2025-10-18,424.81,ppm
2025-10-19,424.8,ppm
2025-10-20,424.96,ppm
2025-10-21,424.92,ppm
2025-10-22,424.99,ppm
2025-10-23,425.42,ppm
2025-10-24,426.06,ppm
2025-10-25,425.22,ppm
2025-10-26,424.92,ppm
2025-10-27,424.81,ppm
2025-10-28,425.29,ppm
2025-10-30,425.58,ppm
2025-11-01,425.67,ppm
2025-11-06,424.75,ppm
2025-11-08,424.81,ppm
2025-11-09,426.06,ppm
2025-11-10,426.0,ppm
2025-11-11,426.07,ppm
2025-11-12,426.76,ppm
2025-11-13,426.83,ppm
2025-11-14,427.6,ppm
2025-11-15,428.29,ppm
2025-11-16,426.68,ppm
2025-11-17,426.84,ppm
2025-11-18,426.57,ppm
2025-11-20,426.18,ppm
2025-11-21,426.47,ppm
2025-11-23,426.96,ppm
2025-11-25,426.36,ppm
2025-11-27,426.89,ppm
2025-11-28,427.1,ppm
2025-11-29,426.91,ppm
2025-11-30,427.22,ppm
2025-12-04,427.12,ppm
2025-12-06,427.3,ppm
2025-12-07,427.48,ppm
2025-12-08,427.23,ppm
2025-12-09,427.4,ppm
2025-12-10,427.29,ppm
2025-12-11,427.4,ppm
2025-12-12,426.78,ppm
2025-12-13,427.15,ppm
2025-12-14,427.18,ppm
2025-12-15,427.13,ppm
2025-12-16,427.29,ppm
2025-12-18,427.1,ppm
2025-12-19,427.38,ppm
2025-12-20,427.24,ppm
2025-12-22,427.2,ppm
2025-12-23,427.6,ppm
2025-12-24,427.61,ppm
2025-12-25,427.85,ppm
2025-12-26,428.28,ppm
2025-12-27,428.68,ppm
2025-12-28,428.49,ppm
2025-12-29,428.22,ppm
2025-12-30,428.44,ppm
