date,gas,unit,station,forecast_origin,model,Seasonal Ridge,Persistence,Seasonal persistence,Lag Ridge,Random forest,predicted,lower,upper,source_variable,source_kind,grid_latitude,grid_longitude
2025-12-31,co2,ppm,Noida,2025-12-30,Random forest,449.63444971186186,454.92313385009766,454.7081814121889,450.9566658143046,454.1203564201406,454.1203564201406,447.3813645316944,460.8593483085868,pbl_co2,NOAA CarbonTracker CT2026 · regional model estimates,29.0,76.5
2026-01-01,co2,ppm,Noida,2025-12-30,Random forest,449.4180225172903,454.92313385009766,454.4917542176173,450.7371459008138,453.903929225569,453.903929225569,444.4386514976066,463.36920695353143,pbl_co2,NOAA CarbonTracker CT2026 · regional model estimates,29.0,76.5
2026-01-02,co2,ppm,Noida,2025-12-30,Random forest,449.20042775434825,454.92313385009766,454.2741594546753,450.51649852245976,454.683240187268,454.683240187268,445.21796245930557,464.1485179152304,pbl_co2,NOAA CarbonTracker CT2026 · regional model estimates,29.0,76.5
2026-01-03,co2,ppm,Noida,2025-12-30,Random forest,448.9819719147814,454.92313385009766,454.0557036151084,450.29503021031394,454.3920721038776,454.3920721038776,443.88486225358406,464.8992819541711,pbl_co2,NOAA CarbonTracker CT2026 · regional model estimates,29.0,76.5
2026-01-04,co2,ppm,Noida,2025-12-30,Random forest,448.762960415902,454.92313385009766,453.83669211622896,450.07304640913577,453.57398145219025,453.57398145219025,443.06677160189673,464.0811913024838,pbl_co2,NOAA CarbonTracker CT2026 · regional model estimates,29.0,76.5
2026-01-05,co2,ppm,Noida,2025-12-30,Random forest,448.54369722458205,454.92313385009766,453.61742892490906,449.85085110135714,450.9299436857055,450.9299436857055,440.422733835412,461.437153535999,pbl_co2,NOAA CarbonTracker CT2026 · regional model estimates,29.0,76.5
2026-01-06,co2,ppm,Noida,2025-12-30,Random forest,448.32448448358923,454.92313385009766,453.39821618391625,449.6287464334141,449.7214806391,449.7214806391,439.21427078880646,460.2286904893935,pbl_co2,NOAA CarbonTracker CT2026 · regional model estimates,29.0,76.5
2026-01-07,co2,ppm,Noida,2025-12-30,Random forest,448.10562214070177,454.92313385009766,453.17935384102884,449.4070323448606,448.7825102503636,448.7825102503636,437.75391487336526,459.81110562736194,pbl_co2,NOAA CarbonTracker CT2026 · regional model estimates,29.0,76.5
2026-01-08,co2,ppm,Noida,2025-12-30,Random forest,447.8874075810498,454.92313385009766,452.96113928137675,449.18600620071203,448.6280658438568,448.6280658438568,437.59947046685846,459.65666122085514,pbl_co2,NOAA CarbonTracker CT2026 · regional model estimates,29.0,76.5
2026-01-09,co2,ppm,Noida,2025-12-30,Random forest,447.67013526312417,454.92313385009766,452.7438669634512,448.96596242746034,448.44869152942863,448.44869152942863,437.4200961524303,459.47728690642697,pbl_co2,NOAA CarbonTracker CT2026 · regional model estimates,29.0,76.5
2026-01-10,co2,ppm,Noida,2025-12-30,Random forest,447.45409635888143,454.92313385009766,452.52782805920845,448.74719215318817,448.0622327157209,448.0622327157209,437.14841467553003,458.97605075591173,pbl_co2,NOAA CarbonTracker CT2026 · regional model estimates,29.0,76.5
2026-01-11,co2,ppm,Noida,2025-12-30,Random forest,447.23957839837925,454.92313385009766,452.3133100987063,448.5299828522175,447.46072500117896,447.46072500117896,436.5469069609881,458.3745430413698,pbl_co2,NOAA CarbonTracker CT2026 · regional model estimates,29.0,76.5
2026-01-12,co2,ppm,Noida,2025-12-30,Random forest,447.026864919362,454.92313385009766,452.100596619689,448.3146179947115,447.190903613398,447.190903613398,436.27708557320716,458.10472165358885,pbl_co2,NOAA CarbonTracker CT2026 · regional model estimates,29.0,76.5
2026-01-13,co2,ppm,Noida,2025-12-30,Random forest,446.8162351222201,454.92313385009766,451.8899668225472,448.1013767016541,446.8163184750281,446.8163184750281,435.90250043483724,457.73013651521893,pbl_co2,NOAA CarbonTracker CT2026 · regional model estimates,29.0,76.5
2026-01-14,co2,ppm,Noida,2025-12-30,Random forest,446.60796353072675,454.92313385009766,451.6816952310537,447.89053340561003,446.62042782598616,446.62042782598616,436.07419206765286,457.16666358431945,pbl_co2,NOAA CarbonTracker CT2026 · regional model estimates,29.0,76.5
2026-01-15,co2,ppm,Noida,2025-12-30,Random forest,446.40231965896254,454.92313385009766,451.4760513592896,447.6823575176767,446.41478395422195,446.41478395422195,435.86854819588865,456.96101971255524,pbl_co2,NOAA CarbonTracker CT2026 · regional model estimates,29.0,76.5
2026-01-16,co2,ppm,Noida,2025-12-30,Random forest,446.1995676848197,454.92313385009766,451.27329938514674,447.4771131010185,446.1858177217072,446.1858177217072,435.6395819633739,456.7320534800405,pbl_co2,NOAA CarbonTracker CT2026 · regional model estimates,29.0,76.5
2026-01-17,co2,ppm,Noida,2025-12-30,Random forest,445.99996613048074,454.92313385009766,451.07369783080776,447.2750585513797,446.208538073196,446.208538073196,435.6623023148627,456.7547738315293,pbl_co2,NOAA CarbonTracker CT2026 · regional model estimates,29.0,76.5
2026-01-18,co2,ppm,Noida,2025-12-30,Random forest,445.8037675502442,454.92313385009766,450.8774992505712,447.0764462849475,446.0123394929594,446.0123394929594,435.46610373462613,456.5585752512927,pbl_co2,NOAA CarbonTracker CT2026 · regional model estimates,29.0,76.5
2026-01-19,co2,ppm,Noida,2025-12-30,Random forest,445.61121822607373,454.92313385009766,450.6849499264008,446.8815224339422,445.819790168789,445.819790168789,435.2735544104557,456.3660259271223,pbl_co2,NOAA CarbonTracker CT2026 · regional model estimates,29.0,76.5
2026-01-20,co2,ppm,Noida,2025-12-30,Random forest,445.4225578712334,454.92313385009766,450.4962895715604,446.69052655029634,445.6478422734743,445.6478422734743,435.101606515141,456.1940780318076,pbl_co2,NOAA CarbonTracker CT2026 · regional model estimates,29.0,76.5
2026-01-21,co2,ppm,Noida,2025-12-30,Random forest,445.2380193423562,454.92313385009766,450.3117510426832,446.50369131777154,445.4633037445971,445.4633037445971,434.7542056746346,456.17240181455963,pbl_co2,NOAA CarbonTracker CT2026 · regional model estimates,29.0,76.5
2026-01-22,co2,ppm,Noida,2025-12-30,Random forest,445.05782836029357,454.92313385009766,450.1315600606206,446.32124227285857,445.2831127625345,445.2831127625345,434.57401469257195,455.992210832497,pbl_co2,NOAA CarbonTracker CT2026 · regional model estimates,29.0,76.5
2026-01-23,co2,ppm,Noida,2025-12-30,Random forest,444.882203240072,454.92313385009766,449.95593494039895,446.143397534789,445.1074876423129,445.1074876423129,434.39838957235037,455.8165857122754,pbl_co2,NOAA CarbonTracker CT2026 · regional model estimates,29.0,76.5
2026-01-24,co2,ppm,Noida,2025-12-30,Random forest,444.7113546302835,454.92313385009766,449.7850863306105,445.9703675449835,445.06111995041323,445.06111995041323,434.3520218804507,455.77021802037575,pbl_co2,NOAA CarbonTracker CT2026 · regional model estimates,29.0,76.5
2026-01-25,co2,ppm,Noida,2025-12-30,Random forest,444.5454852622131,454.92313385009766,449.6192169625401,445.80235481624044,445.1198733270564,445.1198733270564,434.41077525709386,455.8289713970189,pbl_co2,NOAA CarbonTracker CT2026 · regional model estimates,29.0,76.5
2026-01-26,co2,ppm,Noida,2025-12-30,Random forest,444.3847897090024,454.92313385009766,449.4585214093295,445.6395536919642,445.1629331423329,445.1629331423329,434.4538350723704,455.87203121229544,pbl_co2,NOAA CarbonTracker CT2026 · regional model estimates,29.0,76.5
2026-01-27,co2,ppm,Noida,2025-12-30,Random forest,444.22945415513874,454.92313385009766,449.3031858554657,445.4821501157224,445.19439643158347,445.19439643158347,434.48529836162095,455.903494501546,pbl_co2,NOAA CarbonTracker CT2026 · regional model estimates,29.0,76.5
2026-01-28,co2,ppm,Noida,2025-12-30,Random forest,444.0796561765348,454.92313385009766,449.15338787686187,445.33032141139677,445.0129285400534,445.0129285400534,434.3038304700909,455.7220266100159,pbl_co2,NOAA CarbonTracker CT2026 · regional model estimates,29.0,76.5
2026-01-29,co2,ppm,Noida,2025-12-30,Random forest,443.93556453146886,454.92313385009766,449.0092962317958,445.1842360741979,444.88069243804244,444.88069243804244,434.1715943680799,455.58979050800497,pbl_co2,NOAA CarbonTracker CT2026 · regional model estimates,29.0,76.5
