date,gas,unit,station,forecast_origin,model,Seasonal Ridge,Persistence,Seasonal persistence,Lag Ridge,Random forest,predicted,lower,upper
2026-01-01,co2,ppm,Barrow Atmospheric Baseline Observatory,2025-12-31,Lag Ridge,435.2695314204662,434.94,434.95141972874734,434.8647836389476,434.32259263980455,434.8647836389476,432.5282165502369,437.2013507276583
2026-01-02,co2,ppm,Barrow Atmospheric Baseline Observatory,2025-12-31,Lag Ridge,435.27868273629446,434.94,434.9605710445756,434.87425013946705,434.4098106623442,434.87425013946705,432.3627745191407,437.3857257597934
2026-01-03,co2,ppm,Barrow Atmospheric Baseline Observatory,2025-12-31,Lag Ridge,435.2856778377667,434.94,434.9675661460478,434.8815848578449,434.4513409357904,434.8815848578449,432.3701092375186,437.39306047817126
2026-01-04,co2,ppm,Barrow Atmospheric Baseline Observatory,2025-12-31,Lag Ridge,435.29063020777653,434.94,434.97251851605773,434.8869015223596,434.47037894771944,434.8869015223596,432.09944136990265,437.67436167481657
2026-01-05,co2,ppm,Barrow Atmospheric Baseline Observatory,2025-12-31,Lag Ridge,435.2936544465028,434.94,434.97554275478393,434.8903149712721,434.48782592377853,434.8903149712721,432.10285481881516,437.6777751237291
2026-01-06,co2,ppm,Barrow Atmospheric Baseline Observatory,2025-12-31,Lag Ridge,435.29486610342815,434.94,434.97675441170935,434.8919409847746,434.52105591278473,434.8919409847746,432.1044808323176,437.67940113723154
2026-01-07,co2,ppm,Barrow Atmospheric Baseline Observatory,2025-12-31,Lag Ridge,435.2943815086288,434.94,434.9762698169099,434.89189611621117,434.5271757138062,434.89189611621117,432.1044359637542,437.67935626866813
2026-01-08,co2,ppm,Barrow Atmospheric Baseline Observatory,2025-12-31,Lag Ridge,435.29231760354565,434.94,434.9742059118268,434.89029752278367,434.58422637841045,434.89029752278367,432.0438955102775,437.73669953528986
2026-01-09,co2,ppm,Barrow Atmospheric Baseline Observatory,2025-12-31,Lag Ridge,435.2887917714461,434.94,434.9706800797273,434.8872627959491,434.806997721413,434.8872627959491,432.0408607834429,437.7336648084553
2026-01-10,co2,ppm,Barrow Atmospheric Baseline Observatory,2025-12-31,Lag Ridge,435.2839216677856,434.94,434.96580997606674,434.8829097917199,434.9036933356709,434.8829097917199,432.0365077792137,437.7293118042261
2026-01-11,co2,ppm,Barrow Atmospheric Baseline Observatory,2025-12-31,Lag Ridge,435.2778250506807,434.94,434.9597133589618,434.87735646107745,434.971731589269,434.87735646107745,432.058359535851,437.6963533863039
2026-01-12,co2,ppm,Barrow Atmospheric Baseline Observatory,2025-12-31,Lag Ridge,435.2706196117008,434.94,434.952507919982,434.87072068070677,435.19540327142033,434.87072068070677,432.05172375548034,437.6897176059332
2026-01-13,co2,ppm,Barrow Atmospheric Baseline Observatory,2025-12-31,Lag Ridge,435.2624228071898,434.94,434.94431111547095,434.8631200842636,435.19266430438546,434.8631200842636,432.04412315903716,437.68211700949
2026-01-14,co2,ppm,Barrow Atmospheric Baseline Observatory,2025-12-31,Lag Ridge,435.25335169032485,434.94,434.93523999860594,434.85467189438026,435.3211815813558,434.85467189438026,432.03567496915383,437.6736688196067
